Rk,Name,Age,Tm,G,H,HR,BA
1,Fernando Abad,35,BAL,2,0,0,
2,Cory Abbott,25,CHC,8,1,0,0.333
3,Albert Abreu,25,NYY,3,0,0,
4,Bryan Abreu,24,HOU,1,0,0,
5,José Abreu,34,CHW,152,148,30,0.261
6,Ronald Acuna Jr.,23,ATL,82,84,24,0.283
7,Jason Adam,29,CHC,12,0,0,
8,Willy Adames,25,TOT,140,130,25,0.262
9,Willy Adames,25,TBR,41,26,5,0.197
10,Willy Adames,25,MIL,99,104,20,0.285
11,Austin Adams,30,SDP,61,0,0,
12,Matt Adams,32,COL,22,6,0,0.167
13,Riley Adams,25,TOT,47,22,2,0.222
14,Riley Adams,25,TOR,12,3,0,0.107
15,Riley Adams,25,WSN,35,19,2,0.268
16,Jo Adell,22,LAA,35,32,4,0.246
17,Joan Adon,22,WSN,1,0,0,0
18,Ehire Adrianza,31,ATL,109,45,5,0.247
19,Jesus Aguilar,31,MIA,131,117,22,0.261
20,Miguel Aguilar,29,ARI,7,0,0,
21,Nick Ahmed,31,ARI,129,96,5,0.221
22,Keegan Akin,26,BAL,2,0,0,0
23,Shogo Akiyama,33,CIN,88,33,0,0.204
24,R.J. Alaniz,30,CIN,3,0,0,0
25,Hanser Alberto,28,KCR,103,65,2,0.27
26,Ozzie Albies,24,ATL,156,163,30,0.259
27,Jorge Alcala,25,MIN,4,0,0,
28,Sandy Alcantara,25,MIA,30,2,0,0.034
29,Sergio Alcantara,24,CHC,89,45,5,0.205
30,Scott Alexander,31,LAD,16,0,0,
31,Tyler Alexander,26,DET,4,0,0,0
32,Jorge Alfaro,28,MIA,92,72,4,0.244
33,Anthony Alford,26,PIT,49,31,5,0.233
34,Kolby Allard,23,TEX,1,0,0,0
35,Austin Allen,27,OAK,4,2,1,0.25
36,Greg Allen,28,NYY,15,10,0,0.27
37,Logan Allen,24,CLE,1,0,0,0
38,Abraham Almonte,32,ATL,64,32,5,0.216
39,Yency Almonte,27,COL,46,0,0,0
40,Albert Almora,27,NYM,47,6,0,0.115
41,Pete Alonso,26,NYM,152,147,37,0.262
42,Dan Altavilla,28,SDP,2,0,0,
43,Jose Altuve,31,HOU,146,167,31,0.278
44,Jose Alvarado,26,PHI,59,0,0,
45,Eddy Alvarez,31,MIA,24,12,1,0.188
46,Jose Alvarez,32,SFG,63,0,0,0
47,Yordan Álvarez,24,HOU,144,149,33,0.277
48,Adbert Alzolay,26,CHC,28,2,0,0.065
49,Trey Amburgey,26,NYY,2,0,0,0
50,Brett Anderson,33,MIL,24,0,0,0
51,Brian Anderson,28,MIA,67,58,7,0.249
52,Chase Anderson,33,PHI,13,0,0,0
53,Ian Anderson,23,ATL,22,2,0,0.054
54,Shaun Anderson,26,TOT,4,0,0,
55,Shaun Anderson,26,SDP,4,0,0,
56,Tanner Anderson,28,PIT,1,0,0,0
57,Tim Anderson,28,CHW,123,163,17,0.309
58,Tyler Anderson,31,TOT,18,4,1,0.103
59,Tyler Anderson,31,PIT,17,4,1,0.108
60,Tyler Anderson,31,SEA,1,0,0,0
61,John Andreoli,31,SDP,7,1,0,0.167
62,Matt Andriese,31,TOT,5,0,0,
63,Matt Andriese,31,BOS,3,0,0,
64,Matt Andriese,31,SEA,2,0,0,
65,Elvis Andrus,32,OAK,146,121,3,0.243
66,Miguel Andujar,26,NYY,45,39,6,0.253
67,Tejay Antone,27,CIN,22,0,0,0
68,Aristides Aquino,27,CIN,84,33,10,0.19
69,Jonathan Arauz,22,BOS,28,12,3,0.185
70,Chris Archer,32,TBR,1,0,0,
71,Orlando Arcia,26,TOT,36,16,2,0.198
72,Orlando Arcia,26,MIL,4,1,0,0.091
73,Orlando Arcia,26,ATL,32,15,2,0.214
74,Nolan Arenado,30,STL,157,151,34,0.255
75,Kohei Arihara,28,TEX,1,0,0,0
76,Shawn Armstrong,30,TOT,5,0,0,
77,Shawn Armstrong,30,BAL,4,0,0,
78,Shawn Armstrong,30,TBR,1,0,0,
79,Randy Arozarena,26,TBR,141,145,20,0.274
80,Luis Arraez,24,MIN,121,126,2,0.294
81,Jake Arrieta,35,TOT,24,3,0,0.13
82,Jake Arrieta,35,CHC,20,2,0,0.095
83,Jake Arrieta,35,SDP,4,1,0,0.5
84,Christian Arroyo,26,BOS,57,43,6,0.262
85,Humberto Arteaga,27,WSN,1,0,0,0
86,Aaron Ashby,23,MIL,12,0,0,0
87,Willians Astudillo,29,MIN,72,49,7,0.236
88,Alex Avila,34,WSN,34,17,1,0.191
89,Pedro Avila,24,SDP,1,0,0,0
90,Luis Avilan,31,WSN,4,0,0,
91,John Axford,38,MIL,1,0,0,
92,Akil Baddoo,22,DET,124,107,13,0.259
93,Harrison Bader,27,STL,103,98,16,0.267
94,Javier Baez,28,TOT,138,133,31,0.265
95,Javier Baez,28,CHC,91,83,22,0.248
96,Javier Baez,28,NYM,47,50,9,0.299
97,Alberto Baldonado,28,WSN,14,0,0,
98,Anthony Banda,27,TOT,29,0,0,0
99,Anthony Banda,27,NYM,5,0,0,0
100,Anthony Banda,27,PIT,24,0,0,
101,Caleb Baragar,27,SFG,24,0,0,0
102,Daniel Bard,36,COL,64,1,0,1
103,Joe Barlow,25,TEX,1,0,0,
104,Scott Barlow,28,KCR,8,0,0,
105,Austin Barnes,31,LAD,77,43,6,0.215
106,Charlie Barnes,25,MIN,1,0,0,0
107,Jacob Barnes,31,TOT,18,0,0,
108,Jacob Barnes,31,NYM,17,0,0,
109,Jacob Barnes,31,TOR,1,0,0,
110,Matt Barnes,31,BOS,6,0,0,
111,Tucker Barnhart,30,CIN,116,86,7,0.247
112,Kyle Barraclough,31,MIN,1,0,0,
113,Luis Barrera,25,OAK,6,2,0,0.25
114,Tres Barrera,26,WSN,30,24,2,0.264
115,José Barrero,23,CIN,21,10,0,0.2
116,Jaime Barria,24,LAA,1,0,0,0
117,Joey Bart,24,SFG,2,2,0,0.333
118,Anthony Bass,33,MIA,67,0,0,
119,Chris Bassitt,32,OAK,1,0,0,0
120,Trevor Bauer,30,LAD,14,1,0,0.033
121,Jake Bauers,25,TOT,115,59,4,0.209
122,Jake Bauers,25,CLE,43,19,2,0.19
123,Jake Bauers,25,SEA,72,40,2,0.22
124,Matt Beaty,28,LAD,120,55,7,0.27
125,David Bednar,26,PIT,58,0,0,0
126,Cam Bedrosian,29,TOT,17,0,0,
127,Cam Bedrosian,29,TOT,19,0,0,
128,Cam Bedrosian,29,CIN,6,0,0,
129,Cam Bedrosian,29,OAK,2,0,0,
130,Cam Bedrosian,29,PHI,11,0,0,
131,Tyler Beede,28,SFG,1,0,0,
132,Seth Beer,24,ARI,5,4,1,0.444
133,Josh Bell,28,WSN,144,130,27,0.261
134,Andrew Bellatti,29,MIA,3,0,0,
135,Cody Bellinger,25,LAD,95,52,10,0.165
136,Brandon Belt,33,SFG,97,89,29,0.274
137,Anthony Bemboom,31,LAA,8,6,0,0.222
138,Anthony Bender,26,MIA,56,0,0,0
139,Andrew Benintendi,26,KCR,134,136,17,0.276
140,Wes Benjamin,27,TEX,1,0,0,
141,Travis Bergen,27,TOR,1,0,0,
142,Jose Berrios,27,TOT,2,0,0,0
143,Jose Berrios,27,MIN,1,0,0,0
144,Jose Berrios,27,TOR,1,0,0,0
145,Jon Berti,31,MIA,85,49,4,0.21
146,Dellin Betances,33,NYM,1,0,0,
147,Alec Bettinger,25,MIL,4,0,0,0
148,Mookie Betts,28,LAD,122,123,23,0.264
149,Joe Biagini,31,CHC,1,0,0,
150,Bo Bichette,23,TOR,159,191,29,0.298
151,Phil Bickford,25,TOT,56,1,0,0.333
152,Phil Bickford,25,MIL,1,0,0,
153,Phil Bickford,25,LAD,55,1,0,0.333
154,Jesse Biddle,29,ATL,8,0,0,
155,Shane Bieber,26,CLE,2,0,0,0
156,Brandon Bielak,25,HOU,1,0,0,
157,Cavan Biggio,26,TOR,79,56,7,0.224
158,Braden Bishop,27,SEA,8,1,0,0.25
159,Charlie Blackmon,34,COL,150,139,13,0.27
160,Alex Blandino,28,CIN,43,14,0,0.2
161,Travis Blankenhorn,24,TOT,24,4,1,0.174
162,Travis Blankenhorn,24,MIN,1,0,0,
163,Travis Blankenhorn,24,NYM,23,4,1,0.174
164,Richard Bleier,34,MIA,64,0,0,
165,Xander Bogaerts,28,BOS,144,156,23,0.295
166,Alec Bohm,24,PHI,115,94,7,0.247
167,Skye Bolt,27,TOT,34,5,1,0.088
168,Skye Bolt,27,SFG,2,0,0,0
169,Skye Bolt,27,OAK,32,5,1,0.089
170,Jorge Bonifacio,28,PHI,7,1,0,0.091
171,Ryan Borucki,27,TOR,2,0,0,
172,Akeem Bostick,26,NYM,1,0,0,
173,David Bote,28,CHC,97,58,8,0.199
174,Ben Bowden,26,COL,36,0,0,
175,Brad Boxberger,33,MIL,67,0,0,
176,Matthew Boyd,30,DET,2,1,0,0.333
177,Brad Brach,35,CIN,33,0,0,
178,Archie Bradley,28,PHI,49,0,0,0
179,Bobby Bradley,25,CLE,74,51,16,0.208
180,Jackie Bradley Jr.,31,MIL,134,63,6,0.163
181,Michael Brantley,34,HOU,121,146,8,0.311
182,Rob Brantly,31,NYY,6,3,0,0.15
183,Ryan Brasier,33,BOS,2,0,0,
184,Steven Brault,29,PIT,7,1,0,0.167
185,John Brebbia,31,SFG,17,0,0,0
186,Alex Bregman,27,HOU,91,94,12,0.27
187,Jake Brentz,26,KCR,6,0,0,
188,Lewis Brinson,27,MIA,89,62,9,0.226
189,Zack Britton,33,NYY,3,0,0,
190,Connor Brogdon,26,PHI,51,0,0,
191,Mike Brosseau,27,TBR,57,28,5,0.187
192,Rex Brothers,33,CHC,54,0,0,0
193,Seth Brown,28,OAK,111,60,20,0.214
194,JT Brubaker,27,PIT,24,3,0,0.079
195,Jay Bruce,34,NYY,10,4,1,0.118
196,Justin Bruihl,24,LAD,21,0,0,
197,Vidal Brujan,23,TBR,10,2,0,0.077
198,Kris Bryant,29,TOT,144,136,25,0.265
199,Kris Bryant,29,CHC,93,87,18,0.267
200,Kris Bryant,29,SFG,51,49,7,0.262
201,Kris Bubic,23,KCR,2,0,0,0
202,Ryan Buchter,34,ARI,17,0,0,
203,Walker Buehler,26,LAD,34,7,0,0.101
204,J.B. Bukauskas,24,ARI,21,0,0,
205,Madison Bumgarner,31,ARI,25,4,0,0.103
206,Aaron Bummer,27,CHW,5,0,0,
207,Dylan Bundy,28,LAA,3,1,0,0.25
208,Jake Burger,25,CHW,15,10,1,0.263
209,Corbin Burnes,26,MIL,26,8,0,0.154
210,Andy Burns,30,LAD,9,3,0,0.273
211,Ryan Burr,27,CHW,3,0,0,
212,Beau Burrows,24,TOT,2,0,0,
213,Beau Burrows,24,MIN,2,0,0,
214,Drew Butera,37,LAA,12,3,0,0.094
215,Byron Buxton,27,MIN,61,72,19,0.306
216,Asdrubal Cabrera,35,TOT,110,71,7,0.23
217,Asdrubal Cabrera,35,ARI,90,69,7,0.244
218,Asdrubal Cabrera,35,CIN,20,2,0,0.077
219,Edward Cabrera,23,MIA,6,1,0,0.143
220,Genesis Cabrera,24,STL,68,0,0,
221,Miguel Cabrera,38,DET,130,121,15,0.256
222,Trevor Cahill,33,PIT,8,1,0,0.111
223,Lorenzo Cain,35,MIL,78,66,8,0.257
224,Kole Calhoun,33,ARI,51,39,5,0.235
225,Willie Calhoun,26,TEX,75,65,6,0.25
226,Daniel Camarena,28,SDP,6,1,1,0.333
227,Johan Camargo,27,ATL,15,0,0,0
228,Daz Cameron,24,DET,35,20,4,0.194
229,Eric Campbell,34,SEA,4,3,0,0.273
230,Paul Campbell,25,MIA,16,0,0,0
231,Luis Campusano,22,SDP,11,3,0,0.088
232,Jeimer Candelario,27,DET,149,151,16,0.271
233,Mark Canha,32,OAK,141,120,17,0.231
234,Griffin Canning,25,LAA,2,0,0,
235,Victor Caratini,27,SDP,116,71,7,0.227
236,Dylan Carlson,22,STL,149,144,18,0.266
237,Drew Carlton,25,DET,2,0,0,
238,Matt Carpenter,35,STL,130,35,3,0.169
239,Carlos Carrasco,34,NYM,12,0,0,0
240,Curt Casali,32,SFG,77,42,5,0.21
241,Daniel Castano,26,MIA,5,0,0,0
242,Ryan Castellani,25,COL,1,0,0,0
243,Humberto Castellanos,23,ARI,11,3,1,0.5
244,Nick Castellanos,29,CIN,138,164,34,0.309
245,Diego Castillo,27,TOT,4,0,0,
246,Diego Castillo,27,TBR,3,0,0,
247,Diego Castillo,27,SEA,1,0,0,
248,Erick Castillo,28,CHC,4,2,0,0.25
249,Ivan Castillo,26,SDP,3,1,0,0.333
250,Luis Castillo,28,CIN,30,8,0,0.163
251,Harold Castro,27,DET,106,89,3,0.283
252,Jason Castro,34,HOU,66,35,8,0.235
253,Kervin Castro,22,SFG,10,0,0,
254,Miguel Castro,26,NYM,65,0,0,
255,Rodolfo Castro,22,PIT,31,17,5,0.198
256,Starlin Castro,31,WSN,87,89,3,0.283
257,Willi Castro,24,DET,125,91,9,0.22
258,Jake Cave,28,MIN,76,31,3,0.189
259,Dylan Cease,25,CHW,3,3,0,0.375
260,Gilberto Celestino,22,MIN,23,8,2,0.136
261,Luis Cessa,29,TOT,24,0,0,
262,Luis Cessa,29,NYY,1,0,0,
263,Luis Cessa,29,CIN,23,0,0,
264,Jhoulys Chacin,33,COL,44,0,0,0
265,Andrew Chafin,31,TOT,42,0,0,
266,Andrew Chafin,31,CHC,41,0,0,
267,Andrew Chafin,31,OAK,1,0,0,
268,Yu Chang,25,CLE,89,54,9,0.228
269,Aroldis Chapman,33,NYY,7,0,0,
270,Matt Chapman,28,OAK,151,111,27,0.21
271,JT Chargois,30,TOT,6,0,0,
272,JT Chargois,30,SEA,4,0,0,
273,JT Chargois,30,TBR,2,0,0,
274,Tyler Chatwood,31,TOT,6,0,0,0
275,Tyler Chatwood,31,TOR,4,0,0,
276,Tyler Chatwood,31,SFG,2,0,0,0
277,Jesse Chavez,37,ATL,30,0,0,0
278,Michael Chavis,25,TOT,43,30,3,0.248
279,Michael Chavis,25,BOS,31,15,2,0.19
280,Michael Chavis,25,PIT,12,15,1,0.357
281,Robinson Chirinos,37,CHC,45,22,5,0.227
282,Jazz Chisholm Jr.,23,MIA,124,115,18,0.248
283,Ji-Man Choi,30,TBR,83,59,11,0.229
284,Adam Cimber,30,TOT,34,0,0,0
285,Adam Cimber,30,MIA,31,0,0,0
286,Adam Cimber,30,TOR,3,0,0,
287,Steve Cishek,35,LAA,13,0,0,
288,Jose Cisnero,32,DET,5,0,0,
289,Nick Ciuffo,26,BAL,2,1,0,0.2
290,Aaron Civale,26,CLE,1,0,0,0
291,Taylor Clarke,28,ARI,43,1,0,0.333
292,Emmanuel Clase,23,CLE,5,0,0,
293,Alex Claudio,29,LAA,8,0,0,
294,Sam Clay,28,WSN,54,0,0,0
295,Garrett Cleavinger,27,LAD,21,1,0,0.5
296,Ernie Clement,25,CLE,40,28,3,0.231
297,Tyler Clippard,36,ARI,23,0,0,
298,Alex Cobb,33,LAA,1,0,0,0
299,A.J. Cole,29,TOR,1,0,0,
300,Zack Collins,26,CHW,78,41,4,0.21
301,Alex Colome,32,MIN,6,0,0,
302,Michael Conforto,28,NYM,125,94,14,0.232
303,Adam Conley,31,TBR,1,0,0,
304,Roansy Contreras,21,PIT,1,0,0,
305,William Contreras,23,ATL,52,35,8,0.215
306,Willson Contreras,29,CHC,128,98,21,0.237
307,Sam Coonrod,28,PHI,40,0,0,0
308,Garrett Cooper,30,MIA,71,61,9,0.284
309,Patrick Corbin,31,WSN,28,7,0,0.132
310,Franchy Cordero,26,BOS,48,24,1,0.189
311,Carlos Correa,26,HOU,148,155,26,0.279
312,Nestor Cortes,26,NYY,2,0,0,0
313,Jharel Cotton,29,TEX,1,0,0,
314,Danny Coulombe,31,MIN,5,0,0,0
315,Jake Cousins,26,MIL,26,0,0,
316,Will Craig,26,PIT,18,13,1,0.217
317,Brandon Crawford,34,SFG,138,144,24,0.298
318,J.P. Crawford,26,SEA,160,169,9,0.273
319,Stefan Crichton,29,ARI,30,0,0,
320,Kyle Crick,28,PIT,25,0,0,
321,Nabil Crismatt,26,SDP,43,0,0,0
322,Garrett Crochet,22,CHW,2,0,0,
323,C.J. Cron,31,COL,142,132,28,0.281
324,Jake Cronenworth,27,SDP,152,151,21,0.266
325,Hans Crouse,22,PHI,2,0,0,0
326,Wil Crowe,26,PIT,27,2,0,0.057
327,Nelson Cruz,40,TOT,140,136,32,0.265
328,Nelson Cruz,40,MIN,85,87,19,0.294
329,Nelson Cruz,40,TBR,55,49,13,0.226
330,Oneil Cruz,22,PIT,2,3,1,0.333
331,Johnny Cueto,35,SFG,21,2,0,0.069
332,Charlie Culberson,32,TEX,90,60,5,0.243
333,John Curtiss,28,TOT,41,0,0,0
334,John Curtiss,28,MIA,35,0,0,0
335,John Curtiss,28,MIL,6,0,0,
336,Travis d'Arnaud,32,ATL,60,46,7,0.22
337,David Dahl,27,TEX,63,43,4,0.21
338,Bobby Dalbec,26,BOS,133,100,25,0.24
339,Yu Darvish,34,SDP,29,5,0,0.094
340,Tucker Davidson,25,ATL,4,0,0,0
341,Zach Davies,28,CHC,31,6,0,0.176
342,Austin Davis,28,TOT,11,0,0,
343,Austin Davis,28,PIT,10,0,0,
344,Austin Davis,28,BOS,1,0,0,
345,J.D. Davis,28,NYM,73,51,5,0.285
346,Jaylin Davis,26,SFG,5,1,0,0.111
347,Jonathan Davis,29,TOT,64,11,1,0.126
348,Jonathan Davis,29,TOR,52,10,1,0.143
349,Jonathan Davis,29,NYY,12,1,0,0.059
350,Khris Davis,33,TOT,42,21,3,0.206
351,Khris Davis,33,TEX,22,8,2,0.157
352,Khris Davis,33,OAK,20,13,1,0.255
353,Taylor Davis,31,PIT,2,2,0,0.4
354,Wade Davis,35,KCR,5,0,0,
355,Ronnie Dawson,26,HOU,3,1,0,0.2
356,Grant Dayton,33,ATL,12,0,0,
357,Yonathan Daza,27,COL,107,85,2,0.282
358,Brett de Geus,23,TOT,30,0,0,
359,Brett de Geus,23,TEX,3,0,0,
360,Brett de Geus,23,ARI,27,0,0,
361,Alex De Goti,26,HOU,2,2,0,0.333
362,Chase De Jong,27,PIT,10,1,0,0.083
363,Bryan De La Cruz,24,MIA,58,59,5,0.296
364,Jose De Leon,28,CIN,9,1,0,0.25
365,Enyel De Los Santos,25,TOT,31,0,0,
366,Enyel De Los Santos,25,PHI,24,0,0,
367,Enyel De Los Santos,25,PIT,7,0,0,
368,Austin Dean,27,STL,22,7,1,0.233
369,Jacob deGrom,33,NYM,15,12,0,0.364
370,Greg Deichmann,26,CHC,14,4,0,0.133
371,Paul DeJong,27,STL,113,70,19,0.197
372,Miguel Del Pozo,28,DET,2,0,0,
373,Anthony DeSclafani,31,SFG,33,2,0,0.039
374,Delino DeShields,28,CIN,25,12,1,0.255
375,Reid Detmers,21,LAA,1,0,0,0
376,Ross Detwiler,35,TOT,52,1,0,0.333
377,Ross Detwiler,35,MIA,45,1,0,0.333
378,Ross Detwiler,35,SDP,7,0,0,
379,Chris Devenski,30,ARI,8,0,0,
380,Jose Devers,21,MIA,21,10,0,0.244
381,Rafael Devers,24,BOS,156,165,38,0.279
382,Aledmys Díaz,30,HOU,84,76,8,0.259
383,Edwin Díaz,27,NYM,62,0,0,
384,Elias Diaz,30,COL,106,83,18,0.246
385,Isan Diaz,25,MIA,89,46,4,0.193
386,Lewin Diaz,24,MIA,40,25,8,0.205
387,Miguel Diaz,26,SDP,23,0,0,0
388,Yandy Díaz,29,TBR,134,119,13,0.256
389,Yennsy Díaz,24,NYM,20,0,0,0
390,Alex Dickerson,31,SFG,111,66,13,0.233
391,Corey Dickerson,32,TOT,109,91,6,0.271
392,Corey Dickerson,32,MIA,63,54,2,0.263
393,Corey Dickerson,32,TOR,46,37,4,0.282
394,Brandon Dickson,36,STL,2,0,0,
395,Jake Diekman,34,OAK,4,0,0,0
396,Wilmer Difo,29,PIT,116,59,4,0.269
397,Marcos Diplan,24,BAL,1,0,0,
398,Randy Dobnak,26,MIN,1,0,0,
399,Kyle Dohy,24,PHI,1,0,0,
400,Rafael Dolis,33,TOR,3,0,0,
401,Seranthony Dominguez,26,PHI,1,0,0,
402,Josh Donaldson,35,MIN,135,113,26,0.247
403,Sean Doolittle,34,TOT,44,0,0,
404,Sean Doolittle,34,CIN,43,0,0,
405,Sean Doolittle,34,SEA,1,0,0,
406,Ryan Dorow,25,TEX,3,0,0,0
407,Camilo Doval,23,SFG,29,0,0,
408,Hunter Dozier,29,KCR,144,105,16,0.216
409,Brandon Drury,28,NYM,51,23,4,0.274
410,Mauricio Dubon,26,SFG,74,42,5,0.24
411,Tyler Duffey,30,MIN,5,0,0,
412,Matt Duffy,30,CHC,97,83,5,0.287
413,Steven Duggar,27,SFG,107,69,8,0.257
414,Robert Dugger,25,SEA,1,0,0,
415,Justin Dunn,25,SEA,2,1,0,0.333
416,Dane Dunning,26,TEX,2,1,0,0.333
417,Jon Duplantier,26,ARI,3,0,0,0
418,Jarren Duran,24,BOS,33,23,2,0.215
419,Adam Duvall,32,TOT,146,117,38,0.228
420,Adam Duvall,32,MIA,91,72,22,0.229
421,Adam Duvall,32,ATL,55,45,16,0.226
422,Jarrod Dyson,36,TOT,102,28,0,0.207
423,Jarrod Dyson,36,KCR,77,27,0,0.221
424,Jarrod Dyson,36,TOR,25,1,0,0.077
425,Adam Eaton,32,TOT,83,51,6,0.201
426,Adam Eaton,32,CHW,58,38,5,0.201
427,Adam Eaton,32,LAA,25,13,1,0.2
428,Tommy Edman,26,STL,159,168,11,0.262
429,Carl Edwards Jr.,29,TOT,1,0,0,
430,Carl Edwards Jr.,29,ATL,1,0,0,
431,Scott Effross,27,CHC,13,0,0,
432,Zach Eflin,27,PHI,17,0,0,0
433,Jerad Eickhoff,30,NYM,6,2,0,0.4
434,Seth Elledge,25,STL,11,0,0,0
435,Chris Ellis,28,TOT,1,0,0,
436,Chris Ellis,28,BAL,1,0,0,
437,Drew Ellis,25,ARI,28,9,1,0.13
438,Adam Engel,29,CHW,39,31,7,0.252
439,Nathan Eovaldi,31,BOS,1,0,0,0
440,Alcides Escobar,34,WSN,75,92,4,0.288
441,Eduardo Escobar,32,TOT,146,139,28,0.253
442,Eduardo Escobar,32,ARI,98,91,22,0.246
443,Eduardo Escobar,32,MIL,48,48,6,0.268
444,Thomas Eshelman,27,BAL,2,0,0,0
445,Santiago Espinal,26,TOR,92,69,2,0.311
446,Paolo Espino,34,WSN,32,5,0,0.167
447,Carlos Estevez,28,COL,61,0,0,
448,Thairo Estrada,25,SFG,52,33,7,0.273
449,Demarcus Evans,24,TEX,3,0,0,
450,Phillip Evans,28,PIT,76,44,5,0.206
451,Pete Fairbanks,27,TBR,5,0,0,
452,Stuart Fairchild,25,ARI,12,2,0,0.133
453,Bailey Falter,24,PHI,21,0,0,0
454,Jeurys Familia,31,NYM,60,0,0,
455,Johneshwy Fargas,26,TOT,22,13,0,0.25
456,Johneshwy Fargas,26,NYM,7,6,0,0.286
457,Johneshwy Fargas,26,CHC,15,7,0,0.226
458,Jake Faria,27,ARI,24,1,0,0.333
459,Kyle Farmer,30,CIN,147,127,16,0.263
460,Erick Fedde,28,WSN,28,0,0,0
461,Mario Feliciano,22,MIL,1,0,0,
462,Michael Feliz,28,TOT,16,0,0,
463,Michael Feliz,28,TOT,16,0,0,
464,Michael Feliz,28,PIT,7,0,0,
465,Michael Feliz,28,CIN,9,0,0,
466,Neftali Feliz,33,TOT,5,0,0,
467,Neftali Feliz,33,PHI,2,0,0,
468,Neftali Feliz,33,LAD,3,0,0,
469,Ryan Feltner,24,COL,2,0,0,0
470,Julian Fernandez,25,COL,6,0,0,
471,Junior Fernandez,24,STL,16,0,0,0
472,J.P. Feyereisen,28,TOT,23,0,0,
473,J.P. Feyereisen,28,MIL,20,0,0,
474,J.P. Feyereisen,28,TBR,3,0,0,
475,Kyle Finnegan,29,WSN,63,0,0,
476,Derek Fisher,27,MIL,4,2,0,0.25
477,Jay Flaa,29,TOT,1,0,0,
478,Jay Flaa,29,ATL,1,0,0,
479,Jack Flaherty,25,STL,15,2,1,0.118
480,Josh Fleming,25,TBR,1,0,0,0
481,Aaron Fletcher,25,SEA,2,0,0,
482,David Fletcher,27,LAA,157,164,2,0.262
483,Chris Flexen,26,SEA,2,0,0,0
484,Bernardo Flores Jr.,25,STL,1,0,0,
485,Wilmer Flores,29,SFG,139,102,18,0.262
486,Estevan Florial,23,NYY,11,6,1,0.3
487,Dylan Floro,30,MIA,65,0,0,
488,Mike Foltynewicz,29,TEX,2,0,0,0
489,Mike Ford,28,NYY,22,8,3,0.133
490,Nick Fortes,24,MIA,14,9,4,0.29
491,Matt Foster,26,CHW,1,0,0,
492,Dexter Fowler,35,LAA,7,5,0,0.25
493,Dustin Fowler,26,PIT,18,7,0,0.171
494,Jake Fraley,26,SEA,78,45,9,0.21
495,Ty France,26,SEA,152,166,18,0.291
496,Maikel Franco,28,BAL,104,79,11,0.21
497,Wander Franco,20,TBR,70,81,7,0.288
498,Seth Frankoff,32,ARI,4,0,0,0
499,Adam Frazier,29,TOT,155,176,5,0.305
500,Adam Frazier,29,PIT,98,125,4,0.324
501,Adam Frazier,29,SDP,57,51,1,0.267
502,Clint Frazier,26,NYY,66,34,5,0.186
503,Todd Frazier,35,PIT,13,3,0,0.086
504,Kyle Freeland,28,COL,23,6,0,0.182
505,Freddie Freeman,31,ATL,159,180,31,0.3
506,Mike Freeman,33,CIN,37,11,0,0.186
507,Luis Frias,23,ARI,2,0,0,
508,Max Fried,27,ATL,31,15,0,0.273
509,TJ Friedl,25,CIN,14,9,1,0.29
510,Paul Fry,28,BAL,2,0,0,
511,Joshua Fuentes,28,COL,95,61,7,0.225
512,Carson Fulmer,27,CIN,19,0,0,0
513,Michael Fulmer,28,DET,5,0,0,
514,Kyle Funkhouser,27,DET,4,0,0,
515,Cam Gallagher,28,KCR,48,28,1,0.25
516,Giovanny Gallegos,29,STL,69,0,0,
517,Zac Gallen,25,ARI,22,6,0,0.188
518,Joey Gallo,27,TOT,153,99,38,0.199
519,Joey Gallo,27,TEX,95,69,25,0.223
520,Joey Gallo,27,NYY,58,30,13,0.16
521,Freddy Galvis,31,TOT,104,86,14,0.242
522,Freddy Galvis,31,BAL,72,62,9,0.249
523,Freddy Galvis,31,PHI,32,24,5,0.224
524,Ben Gamel,29,TOT,122,84,8,0.247
525,Ben Gamel,29,CLE,11,1,0,0.071
526,Ben Gamel,29,PIT,111,83,8,0.255
527,John Gant,28,TOT,24,0,0,0
528,John Gant,28,STL,22,0,0,0
529,John Gant,28,MIN,2,0,0,
530,Adolis García,28,TEX,149,141,31,0.243
531,Aramis Garcia,28,OAK,32,18,3,0.205
532,Avisail Garcia,30,MIL,135,121,29,0.262
533,Edgar Garcia,24,TOT,5,0,0,
534,Edgar Garcia,24,CIN,5,0,0,
535,Jarlin Garcia,28,SFG,54,0,0,0
536,Leury Garcia,30,CHW,126,111,5,0.267
537,Luis Garcia,34,STL,31,0,0,
538,Luis Garcia,21,WSN,70,57,6,0.242
539,Luis Garcia,24,HOU,3,0,0,0
540,Robel Garcia,28,HOU,46,16,1,0.151
541,Rony Garcia,23,DET,1,0,0,0
542,Yimi Garcia,30,TOT,41,0,0,
543,Yimi Garcia,30,MIA,38,0,0,
544,Yimi Garcia,30,HOU,3,0,0,
545,Brett Gardner,37,NYY,140,86,10,0.222
546,Kyle Garlick,29,MIN,36,23,5,0.232
547,Dustin Garneau,33,DET,20,13,6,0.21
548,Amir Garrett,29,CIN,59,0,0,
549,Braxton Garrett,23,MIA,8,2,0,0.182
550,Mitch Garver,30,MIN,68,53,13,0.256
551,Kevin Gausman,30,SFG,31,10,0,0.185
552,Domingo German,28,NYY,2,0,0,0
553,Trent Giambrone,27,CHC,5,2,0,0.154
554,Kyle Gibson,33,TOT,13,4,1,0.138
555,Kyle Gibson,33,TEX,1,0,0,0
556,Kyle Gibson,33,PHI,12,4,1,0.148
557,Tyler Gilbert,27,ARI,8,0,0,0
558,Lucas Gilbreath,25,COL,43,0,0,
559,Andres Gimenez,22,CLE,68,41,5,0.218
560,Kevin Ginkel,27,ARI,31,0,0,
561,Lucas Giolito,26,CHW,2,1,0,0.25
562,Chris Gittens,27,NYY,16,4,1,0.111
563,Mychal Givens,31,TOT,54,0,0,
564,Mychal Givens,31,COL,31,0,0,
565,Mychal Givens,31,CIN,23,0,0,
566,Tyler Glasnow,27,TBR,1,0,0,0
567,Zack Godley,31,MIL,2,0,0,
568,Jose Godoy,26,SEA,16,6,0,0.162
569,Paul Goldschmidt,33,STL,158,177,31,0.294
570,Austin Gomber,27,COL,22,3,0,0.094
571,Yan Gomes,33,TOT,103,88,14,0.252
572,Yan Gomes,33,WSN,63,59,9,0.271
573,Yan Gomes,33,OAK,40,29,5,0.221
574,Tony Gonsolin,27,LAD,17,3,0,0.176
575,Marco Gonzales,29,SEA,2,0,0,0
576,Chi Chi Gonzalez,29,COL,24,5,0,0.161
577,Erik Gonzalez,29,PIT,71,51,2,0.232
578,Luis Gonzalez,25,CHW,6,2,0,0.25
579,Marwin Gonzalez,32,TOT,91,55,5,0.199
580,Marwin Gonzalez,32,BOS,77,49,2,0.202
581,Marwin Gonzalez,32,HOU,14,6,3,0.176
582,Romy Gonzalez,24,CHW,10,8,0,0.25
583,Victor Gonzalez,25,LAD,40,0,0,
584,Niko Goodrum,29,DET,90,62,9,0.214
585,Brian Goodwin,30,CHW,72,52,8,0.221
586,Nick Gordon,25,MIN,73,48,4,0.24
587,Phil Gosselin,32,LAA,104,90,7,0.261
588,Ashton Goudeau,28,TOT,16,1,0,0.167
589,Ashton Goudeau,28,CIN,5,0,0,
590,Ashton Goudeau,28,COL,11,1,0,0.167
591,Yasmani Grandal,32,CHW,93,67,23,0.24
592,Brusdar Graterol,22,LAD,34,0,0,0
593,Kendall Graveman,30,TOT,7,0,0,
594,Kendall Graveman,30,SEA,3,0,0,
595,Kendall Graveman,30,HOU,4,0,0,
596,Jon Gray,29,COL,30,5,0,0.106
597,Josiah Gray,23,TOT,14,1,0,0.045
598,Josiah Gray,23,LAD,2,0,0,0
599,Josiah Gray,23,WSN,12,1,0,0.053
600,Sonny Gray,31,CIN,24,6,0,0.146
601,Chad Green,30,NYY,5,0,0,
602,Conner Greene,26,TOT,4,0,0,
603,Conner Greene,26,BAL,2,0,0,
604,Conner Greene,26,LAD,2,0,0,
605,Shane Greene,32,TOT,28,0,0,
606,Shane Greene,32,ATL,19,0,0,
607,Shane Greene,32,LAD,9,0,0,
608,Didi Gregorius,31,PHI,103,77,13,0.209
609,Grayson Greiner,28,DET,31,17,1,0.236
610,Zack Greinke,37,HOU,1,0,0,0
611,Randal Grichuk,29,TOR,149,123,22,0.241
612,Trent Grisham,24,SDP,132,112,15,0.242
613,Robbie Grossman,31,DET,156,133,23,0.239
614,Robert Gsellman,27,NYM,16,0,0,0
615,Sean Guenther,25,MIA,13,0,0,
616,Deolis Guerra,32,OAK,5,0,0,
617,Javy Guerra,35,WSN,6,0,0,0
618,Javy Guerra,25,SDP,5,0,0,
619,Junior Guerra,36,LAA,5,0,0,0
620,Vladimir Guerrero Jr.,22,TOR,161,188,48,0.311
621,Luis Guillorme,26,NYM,69,35,1,0.265
622,Preston Guilmet,33,MIA,1,0,0,
623,Lourdes Gurriel Jr.,27,TOR,141,138,21,0.276
624,Yuli Gurriel,37,HOU,143,169,15,0.319
625,Taylor Gushue,27,CHC,2,0,0,0
626,Jandel Gustave,28,MIL,12,0,0,0
627,Kelvin Gutierrez,26,TOT,85,63,3,0.232
628,Kelvin Gutierrez,26,KCR,38,29,1,0.215
629,Kelvin Gutierrez,26,BAL,47,34,2,0.248
630,Vladimir Gutiérrez,25,CIN,21,3,0,0.091
631,Jorge Guzman,25,MIA,2,0,0,
632,Ronald Guzman,26,TEX,7,1,1,0.063
633,Eric Haase,28,DET,98,81,22,0.231
634,Josh Hader,27,MIL,57,0,0,
635,Jake Hager,28,TOT,14,3,0,0.115
636,Jake Hager,28,NYM,5,1,0,0.125
637,Jake Hager,28,ARI,9,2,0,0.111
638,Sam Haggerty,27,SEA,35,16,2,0.186
639,David Hale,33,PHI,16,0,0,
640,Billy Hamilton,30,CHW,71,28,2,0.22
641,J.D. Hammer,26,PHI,19,0,0,0
642,Garrett Hampson,26,COL,147,106,11,0.234
643,Brad Hand,31,TOT,50,0,0,
644,Brad Hand,31,TOT,51,0,0,
645,Brad Hand,31,WSN,36,0,0,
646,Brad Hand,31,TOR,1,0,0,
647,Brad Hand,31,NYM,14,0,0,
648,Eric Hanhold,27,BAL,2,0,0,
649,Mitch Haniger,30,SEA,157,157,39,0.253
650,Ian Happ,26,CHC,148,105,25,0.226
651,J.A. Happ,38,TOT,10,0,0,0
652,J.A. Happ,38,STL,10,0,0,0
653,Blaine Hardy,34,MIL,1,0,0,
654,Bryce Harper,28,PHI,141,151,35,0.309
655,Ryne Harper,32,WSN,32,0,0,0
656,Will Harris,36,WSN,7,0,0,
657,Josh Harrison,33,TOT,138,141,8,0.279
658,Josh Harrison,33,WSN,90,94,6,0.294
659,Josh Harrison,33,OAK,48,47,2,0.254
660,Monte Harrison,25,MIA,9,2,0,0.2
661,Geoff Hartlieb,27,TOT,7,0,0,
662,Geoff Hartlieb,27,PIT,4,0,0,
663,Geoff Hartlieb,27,NYM,3,0,0,
664,Matt Harvey,32,BAL,3,0,0,0
665,Adam Haseley,25,PHI,9,4,0,0.19
666,Ke'Bryan Hayes,24,PIT,96,93,6,0.257
667,Austin Hays,25,BAL,131,125,22,0.256
668,Andrew Heaney,30,TOT,3,1,0,0.333
669,Andrew Heaney,30,LAA,1,1,0,0.5
670,Andrew Heaney,30,NYY,2,0,0,0
671,Taylor Hearn,26,TEX,2,0,0,
672,Nick Heath,27,ARI,20,5,0,0.143
673,Austin Hedges,28,CLE,88,51,10,0.178
674,Jonah Heim,26,TEX,82,52,10,0.196
675,Scott Heineman,28,CIN,19,3,2,0.1
676,Ryan Helsley,26,STL,48,0,0,
677,Heath Hembree,32,TOT,56,0,0,0
678,Heath Hembree,32,NYM,14,0,0,
679,Heath Hembree,32,CIN,42,0,0,0
680,Kyle Hendricks,31,CHC,30,6,0,0.115
681,Liam Hendriks,32,CHW,6,0,0,
682,Ryan Hendrix,26,CIN,33,0,0,0
683,Payton Henry,24,MIA,5,4,0,0.267
684,Sam Hentges,24,CLE,1,0,0,0
685,Guillermo Heredia,30,ATL,120,67,5,0.22
686,Jimmy Herget,27,TOT,2,0,0,
687,Jimmy Herget,27,LAA,2,0,0,
688,Michael Hermosillo,26,CHC,16,7,3,0.194
689,Carlos Hernandez,24,KCR,1,0,0,0
690,Cesar Hernandez,31,TOT,149,132,21,0.232
691,Cesar Hernandez,31,CLE,96,87,18,0.231
692,Cesar Hernandez,31,CHW,53,45,3,0.232
693,Darwinzon Hernandez,24,BOS,5,0,0,
694,Elieser Hernandez,26,MIA,11,1,0,0.071
695,Enrique Hernandez,29,BOS,134,127,20,0.25
696,Teoscar Hernandez,28,TOR,143,163,32,0.296
697,Yadiel Hernández,33,WSN,112,72,9,0.273
698,Yonny Hernandez,23,TEX,43,31,0,0.217
699,Odubel Herrera,29,PHI,124,117,13,0.26
700,David Hess,27,TOT,13,0,0,0
701,David Hess,27,MIA,13,0,0,0
702,Codi Heuer,24,TOT,24,0,0,
703,Codi Heuer,24,CHW,1,0,0,
704,Codi Heuer,24,CHC,23,0,0,
705,Jason Heyward,31,CHC,104,69,8,0.214
706,Aaron Hicks,31,NYY,32,21,4,0.194
707,John Hicks,31,TEX,10,8,4,0.258
708,Jordan Hicks,24,STL,10,0,0,
709,Kyle Higashioka,31,NYY,67,35,10,0.181
710,P.J. Higgins,28,CHC,9,1,0,0.043
711,Trevor Hildenberger,30,NYM,2,0,0,
712,Derek Hill,25,DET,49,36,3,0.259
713,Rich Hill,41,TOT,16,3,0,0.125
714,Rich Hill,41,TBR,3,1,0,0.25
715,Rich Hill,41,NYM,13,2,0,0.1
716,Tim Hill,31,SDP,73,0,0,
717,Sam Hilliard,27,COL,81,46,14,0.215
718,Keston Hiura,24,MIL,61,29,4,0.168
719,Nico Hoerner,24,CHC,44,45,0,0.302
720,Jeff Hoffman,28,CIN,30,2,0,0.133
721,Bryan Holaday,33,ARI,13,6,0,0.194
722,Derek Holland,34,DET,4,0,0,
723,Greg Holland,35,KCR,6,0,0,
724,Jordan Holloway,25,MIA,12,1,0,0.1
725,Clay Holmes,28,TOT,47,0,0,0
726,Clay Holmes,28,PIT,42,0,0,0
727,Clay Holmes,28,NYY,5,0,0,
728,Brock Holt,33,TEX,76,49,2,0.209
729,Rhys Hoskins,28,PHI,107,96,27,0.247
730,Eric Hosmer,31,SDP,151,137,12,0.269
731,Tanner Houck,25,BOS,1,0,0,0
732,Adrian Houser,28,MIL,26,3,2,0.071
733,Sam Howard,28,PIT,49,0,0,
734,Spencer Howard,24,TOT,11,2,0,0.333
735,Spencer Howard,24,PHI,10,2,0,0.333
736,Spencer Howard,24,TEX,1,0,0,
737,Jared Hoying,32,TOR,2,0,0,0
738,James Hoyt,34,LAA,1,0,0,
739,Dakota Hudson,26,STL,2,1,0,0.333
740,Daniel Hudson,34,TOT,48,0,0,
741,Daniel Hudson,34,WSN,26,0,0,
742,Daniel Hudson,34,SDP,22,0,0,
743,Tommy Hunter,34,NYM,3,1,0,1
744,Scott Hurst,25,STL,7,0,0,0
745,Drew Hutchison,30,DET,1,0,0,0
746,Andy Ibáñez,28,TEX,76,70,7,0.277
747,José Iglesias,31,TOT,137,131,9,0.271
748,José Iglesias,31,LAA,114,110,8,0.259
749,José Iglesias,31,BOS,23,21,1,0.356
750,Raisel Iglesias,31,LAA,16,0,0,
751,Ender Inciarte,30,ATL,52,17,2,0.215
752,Jonathan India,24,CIN,150,143,21,0.269
753,Cole Irvin,27,OAK,2,1,0,0.2
754,Kyle Isbel,24,KCR,28,21,1,0.276
755,Alex Jackson,25,TOT,52,18,3,0.137
756,Alex Jackson,25,ATL,10,1,0,0.043
757,Alex Jackson,25,MIA,42,17,3,0.157
758,Andre Jackson,25,LAD,3,0,0,0
759,Jay Jackson,33,SFG,23,0,0,0
760,Luke Jackson,29,ATL,66,0,0,
761,Josh James,28,HOU,1,0,0,
762,Travis Jankowski,30,PHI,76,33,1,0.252
763,Danny Jansen,26,TOR,70,41,11,0.223
764,Kenley Jansen,33,LAD,66,0,0,0
765,Cristian Javier,24,HOU,2,0,0,
766,Griffin Jax,26,MIN,2,0,0,0
767,Jon Jay,36,LAA,5,5,0,0.357
768,Ryan Jeffers,24,MIN,85,53,14,0.199
769,Jake Jewell,28,CHC,10,0,0,0
770,Eloy Jiménez,24,CHW,55,53,10,0.249
771,Joe Jimenez,26,DET,6,0,0,
772,Connor Joe,28,COL,63,51,8,0.285
773,Daniel Johnson,25,CLE,30,17,4,0.221
774,Pierce Johnson,30,SDP,60,0,0,
775,Damon Jones,26,PHI,1,0,0,
776,JaCoby Jones,29,DET,36,17,2,0.17
777,Jahmai Jones,23,BAL,26,10,0,0.149
778,Nate Jones,35,TOT,17,0,0,0
779,Nate Jones,35,ATL,10,0,0,
780,Nate Jones,35,LAD,7,0,0,0
781,Taylor Jones,27,HOU,35,25,2,0.245
782,Matt Joyce,36,PHI,43,5,2,0.091
783,Aaron Judge,29,NYY,148,158,39,0.287
784,Jakob Junis,28,KCR,1,0,0,0
785,James Kaprielian,27,OAK,2,1,0,0.333
786,James Karinchak,25,CLE,6,0,0,
787,Sean Kazmar Jr.,36,ATL,3,0,0,0
788,Scott Kazmir,37,SFG,5,0,0,0
789,Keone Kela,28,SDP,11,0,0,
790,Jarred Kelenic,21,SEA,93,61,14,0.181
791,Brad Keller,25,KCR,3,0,0,0
792,Kyle Keller,28,PIT,32,0,0,
793,Mitch Keller,25,PIT,23,3,0,0.107
794,Carson Kelly,26,ARI,98,73,13,0.24
795,Joe Kelly,33,LAD,46,0,0,0
796,Merrill Kelly,32,ARI,27,3,0,0.064
797,Tony Kemp,29,OAK,131,92,8,0.279
798,Ian Kennedy,36,TOT,24,0,0,
799,Ian Kennedy,36,TEX,1,0,0,
800,Ian Kennedy,36,PHI,23,0,0,
801,Max Kepler,28,MIN,121,90,19,0.211
802,Clayton Kershaw,33,LAD,21,8,0,0.222
803,Dallas Keuchel,33,CHW,1,0,0,0
804,Mike Kickham,32,LAD,1,0,0,
805,Carter Kieboom,23,WSN,62,45,6,0.207
806,Kevin Kiermaier,31,TBR,122,90,4,0.259
807,Yusei Kikuchi,30,SEA,1,0,0,0
808,Ha-Seong Kim,25,SDP,117,54,8,0.202
809,Kwang Hyun Kim,32,STL,25,3,0,0.115
810,Craig Kimbrel,33,TOT,39,0,0,0
811,Craig Kimbrel,33,CHC,37,0,0,0
812,Craig Kimbrel,33,CHW,2,0,0,
813,Isiah Kiner-Falefa,26,TEX,158,172,8,0.271
814,John King,26,TEX,3,0,0,0
815,Michael King,26,NYY,1,0,0,
816,Scott Kingery,27,PHI,15,1,0,0.053
817,Tyler Kinley,30,COL,66,0,0,
818,Brandon Kintzler,36,PHI,24,0,0,
819,Alex Kirilloff,23,MIN,59,54,8,0.251
820,Alejandro Kirk,22,TOR,60,40,8,0.242
821,Andrew Kittredge,31,TBR,5,0,0,
822,Patrick Kivlehan,31,SDP,5,1,0,0.25
823,Gabe Klobosits,26,WSN,11,0,0,
824,Corey Kluber,35,NYY,1,0,0,0
825,Andrew Knapp,29,PHI,62,22,2,0.152
826,Corey Knebel,29,LAD,26,0,0,0
827,Reiss Knehr,24,SDP,12,0,0,0
828,Andrew Knizner,26,STL,63,28,1,0.174
829,Adam Kolarek,32,OAK,1,0,0,
830,Michael Kopech,25,CHW,4,0,0,0
831,Pete Kozma,33,OAK,3,1,0,0.091
832,Max Kranick,23,PIT,8,0,0,0
833,Brooks Kriske,27,TOT,1,0,0,
834,Brooks Kriske,27,BAL,1,0,0,
835,Jack Kruger,26,LAA,1,0,0,
836,Chad Kuhl,28,PIT,27,1,0,0.048
837,Tommy La Stella,32,SFG,76,55,7,0.25
838,Tyler Ladendorf,33,CHC,1,0,0,0
839,Juan Lagares,32,LAA,112,73,6,0.236
840,Travis Lakins Sr.,27,BAL,1,0,0,
841,Ryan LaMarre,32,NYY,9,4,2,0.19
842,Jake Lamb,30,TOT,55,28,7,0.194
843,Jake Lamb,30,CHW,43,24,6,0.212
844,Jake Lamb,30,TOR,12,4,1,0.129
845,Peter Lambert,24,COL,2,0,0,0
846,Dinelson Lamet,28,SDP,21,0,0,0
847,Alex Lange,25,DET,3,0,0,
848,Trevor Larnach,24,MIN,79,58,7,0.223
849,Eric Lauer,26,MIL,24,4,1,0.154
850,Ramon Laureano,26,OAK,88,84,14,0.246
851,Ryan Lavarnway,33,CLE,9,7,0,0.25
852,Justin Lawrence,26,COL,16,0,0,
853,Wade LeBlanc,36,TOT,11,0,0,0
854,Wade LeBlanc,36,STL,11,0,0,0
855,Dylan Lee,26,ATL,2,0,0,
856,Khalil Lee,23,NYM,11,1,0,0.056
857,DJ LeMahieu,32,NYY,150,160,10,0.268
858,Sandy Leon,32,MIA,83,37,4,0.183
859,Dominic Leone,29,SFG,51,0,0,
860,Jon Lester,37,TOT,27,8,1,0.167
861,Jon Lester,37,WSN,16,5,1,0.179
862,Jon Lester,37,STL,11,3,0,0.15
863,Kyle Lewis,25,SEA,36,32,5,0.246
864,Domingo Leyba,25,TOT,34,10,1,0.115
865,Domingo Leyba,25,ARI,13,0,0,0
866,Domingo Leyba,25,BAL,21,10,1,0.154
867,Tzu-Wei Lin,27,MIN,1,0,0,
868,Josh Lindblom,34,MIL,8,0,0,0
869,Francisco Lindor,27,NYM,125,104,20,0.23
870,Zack Littell,25,SFG,60,1,0,0.25
871,Mauricio Llovera,25,PHI,6,0,0,
872,Jonathan Loaisiga,26,NYY,5,0,0,
873,Jose Lobaton,36,CHC,6,0,0,0
874,Kyle Lobstein,31,WSN,3,0,0,
875,Tim Locastro,28,TOT,64,25,2,0.18
876,Tim Locastro,28,ARI,55,21,1,0.178
877,Tim Locastro,28,NYY,9,4,1,0.19
878,Sam Long,25,SFG,11,1,0,0.1
879,Shed Long Jr.,25,SEA,34,22,4,0.198
880,Evan Longoria,35,SFG,81,66,13,0.261
881,Tim Lopes,27,MIL,7,1,0,0.1
882,Alejo Lopez,25,CIN,14,6,0,0.261
883,Jack Lopez,28,BOS,7,2,0,0.154
884,Jorge Lopez,28,BAL,1,0,0,0
885,Nicky Lopez,26,KCR,151,149,2,0.3
886,Otto Lopez,22,TOR,1,0,0,0
887,Pablo Lopez,25,MIA,20,2,0,0.061
888,Reynaldo Lopez,27,CHW,3,0,0,
889,Yoan López,28,ARI,13,0,0,
890,Michael Lorenzen,29,CIN,26,0,0,0
891,Aaron Loup,33,NYM,63,0,0,
892,Richard Lovelady,25,KCR,3,0,0,
893,Brandon Lowe,26,TBR,149,132,39,0.247
894,Josh Lowe,23,TBR,2,1,0,1
895,Nathaniel Lowe,25,TEX,157,147,18,0.264
896,Jed Lowrie,37,OAK,139,112,14,0.245
897,Joey Lucchesi,28,NYM,10,0,0,0
898,Jonathan Lucroy,35,TOT,7,6,0,0.316
899,Jonathan Lucroy,35,WSN,5,5,0,0.357
900,Jonathan Lucroy,35,ATL,2,1,0,0.2
901,Lucas Luetge,34,NYY,3,0,0,
902,Seth Lugo,31,NYM,44,0,0,0
903,Jordan Luplow,27,TOT,61,33,11,0.202
904,Jordan Luplow,27,CLE,36,17,7,0.173
905,Jordan Luplow,27,TBR,25,16,4,0.246
906,Gavin Lux,23,LAD,102,81,7,0.242
907,Jesus Luzardo,23,TOT,13,0,0,0
908,Jesus Luzardo,23,OAK,2,0,0,0
909,Jesus Luzardo,23,MIA,11,0,0,0
910,Jordan Lyles,30,TEX,3,0,0,0
911,Lance Lynn,34,CHW,2,1,0,0.2
912,Andres Machado,28,WSN,40,0,0,
913,Manny Machado,28,SDP,153,157,28,0.278
914,Vimael Machin,27,OAK,15,4,0,0.125
915,Luis Madero,24,MIA,6,0,0,0
916,Nick Madrigal,24,CHW,54,61,2,0.305
917,Kenta Maeda,33,MIN,4,1,0,0.333
918,Tyler Mahle,26,CIN,32,3,0,0.055
919,Luke Maile,30,MIL,15,9,0,0.3
920,Martin Maldonado,34,HOU,125,64,12,0.172
921,Sean Manaea,29,OAK,2,2,0,0.5
922,Trey Mancini,29,BAL,147,142,21,0.255
923,Matt Manning,23,DET,1,0,0,0
924,Alek Manoah,23,TOR,1,0,0,0
925,Joe Mantiply,30,ARI,53,0,0,
926,Dillon Maples,29,CHC,28,0,0,
927,Tucupita Marcano,21,SDP,25,8,0,0.182
928,Rafael Marchan,22,PHI,20,12,1,0.231
929,Manuel Margot,26,TBR,125,107,10,0.254
930,Jake Marisnick,30,TOT,99,38,5,0.216
931,Jake Marisnick,30,CHC,65,29,5,0.227
932,Jake Marisnick,30,SDP,34,9,0,0.188
933,Jose Marmolejos,28,SEA,41,17,4,0.16
934,German Marquez,26,COL,29,14,1,0.264
935,Deven Marrero,30,MIA,10,3,1,0.188
936,Brandon Marsh,23,LAA,70,60,2,0.254
937,Ketel Marte,27,ARI,90,108,14,0.318
938,Luis Marte,27,MIA,4,1,0,0.167
939,Starling Marte,32,TOT,120,145,12,0.31
940,Starling Marte,32,MIA,64,71,7,0.305
941,Starling Marte,32,OAK,56,74,5,0.316
942,Brett Martin,26,TEX,6,0,0,
943,Chris Martin,35,ATL,45,0,0,
944,Corbin Martin,25,ARI,5,1,0,0.25
945,Jason Martin,25,TEX,58,30,6,0.208
946,Richie Martin,26,BAL,37,23,1,0.235
947,Carlos Martinez,29,STL,16,2,0,0.083
948,J.D. Martinez,33,BOS,148,163,28,0.286
949,Nick Martini,31,CHC,25,10,0,0.27
950,Jorge Mateo,26,TOT,89,48,4,0.247
951,Jorge Mateo,26,SDP,57,18,2,0.207
952,Jorge Mateo,26,BAL,32,30,2,0.28
953,Jeff Mathis,38,ATL,3,0,0,0
954,Wyatt Mathisen,27,ARI,23,5,1,0.119
955,Nick Maton,24,PHI,52,30,2,0.256
956,Phil Maton,28,TOT,8,0,0,0
957,Phil Maton,28,CLE,4,0,0,0
958,Phil Maton,28,HOU,4,0,0,
959,Steven Matz,30,TOR,1,0,0,0
960,Tyler Matzek,30,ATL,65,0,0,
961,Dustin May,23,LAD,3,0,0,0
962,Trevor May,31,NYM,66,0,0,
963,Cameron Maybin,34,NYM,9,1,0,0.036
964,Mike Mayers,29,LAA,10,0,0,
965,Jack Mayfield,30,TOT,86,58,10,0.218
966,Jack Mayfield,30,LAA,75,52,10,0.224
967,Jack Mayfield,30,SEA,11,6,0,0.176
968,Tim Mayza,29,TOR,6,0,0,
969,Nomar Mazara,26,DET,50,35,3,0.212
970,Patrick Mazeika,27,NYM,37,15,1,0.19
971,Ryan McBroom,29,KCR,7,2,0,0.25
972,James McCann,31,NYM,121,87,10,0.232
973,Jake McCarthy,23,ARI,24,13,2,0.22
974,Darren McCaughan,25,SEA,1,0,0,0
975,Chas McCormick,26,HOU,108,73,14,0.257
976,Lance McCullers Jr.,27,HOU,3,0,0,0
977,Andrew McCutchen,34,PHI,144,107,27,0.222
978,T.J. McFarland,32,STL,36,0,0,
979,Jake McGee,34,SFG,55,0,0,
980,Kyle McGowin,29,WSN,26,0,0,0
981,Reese McGuire,26,TOR,78,50,1,0.253
982,Collin McHugh,34,TBR,3,0,0,
983,Ryan McKenna,24,BAL,90,31,2,0.183
984,Triston McKenzie,23,CLE,1,1,0,0.5
985,Billy McKinney,26,TOT,116,51,9,0.192
986,Billy McKinney,26,MIL,40,19,3,0.207
987,Billy McKinney,26,NYM,39,20,5,0.22
988,Billy McKinney,26,LAD,37,12,1,0.146
989,Zach McKinstry,26,LAD,60,34,7,0.215
990,Ryan McMahon,26,COL,151,134,23,0.254
991,Jeff McNeil,29,NYM,120,97,7,0.251
992,Alex McRae,28,CHW,1,0,0,
993,Austin Meadows,26,TBR,142,121,27,0.234
994,John Means,28,BAL,2,1,0,0.2
995,Nick Mears,24,PIT,29,0,0,0
996,Adonis Medina,24,PHI,4,0,0,0
997,Trevor Megill,27,CHC,27,0,0,
998,Tylor Megill,25,NYM,18,6,0,0.214
999,Ryan Meisinger,27,CHC,6,0,0,
1000,Francisco Mejia,25,TBR,84,65,6,0.26
1001,Humberto Mejia,24,ARI,5,1,0,0.143
1002,J.C. Mejia,24,CLE,2,0,0,0
1003,Mark Melancon,36,SDP,59,0,0,
1004,Keury Mella,27,ARI,2,0,0,
1005,Danny Mendick,27,CHW,71,36,2,0.22
1006,Conner Menez,26,SFG,7,0,0,
1007,Oscar Mercado,26,CLE,72,48,6,0.224
1008,Yermin Mercedes,28,CHW,68,65,7,0.271
1009,Jordy Mercer,34,WSN,46,30,2,0.254
1010,Whit Merrifield,32,KCR,162,184,10,0.277
1011,Jake Meyers,25,HOU,49,38,6,0.26
1012,Keynan Middleton,27,SEA,2,0,0,
1013,Miles Mikolas,32,STL,9,0,0,0
1014,Wade Miley,34,CIN,28,10,0,0.185
1015,Andrew Miller,36,STL,37,0,0,
1016,Brad Miller,31,PHI,140,75,20,0.227
1017,Brian Miller,25,MIA,5,3,0,0.273
1018,Justin Miller,34,TOT,21,0,0,
1019,Justin Miller,34,WSN,5,0,0,
1020,Justin Miller,34,STL,16,0,0,
1021,Owen Miller,24,CLE,60,39,4,0.204
1022,Shelby Miller,30,TOT,12,0,0,0
1023,Shelby Miller,30,CHC,3,0,0,
1024,Shelby Miller,30,PIT,9,0,0,0
1025,Alec Mills,29,CHC,31,1,0,0.031
1026,Wyatt Mills,26,SEA,3,0,0,
1027,Hoby Milner,30,MIL,18,0,0,0
1028,Juan Minaya,30,MIN,3,0,0,
1029,Mike Minor,33,KCR,3,0,0,0
1030,A.J. Minter,27,ATL,57,0,0,0
1031,Anthony Misiewicz,26,SEA,3,0,0,
1032,Bryan Mitchell,30,MIA,2,0,0,
1033,Casey Mize,24,DET,2,0,0,0
1034,Yadier Molina,38,STL,121,111,11,0.252
1035,Yoan Moncada,26,CHW,144,137,14,0.263
1036,Adalberto Mondesí,25,KCR,35,29,6,0.23
1037,Mickey Moniak,23,PHI,21,3,1,0.091
1038,Frankie Montas,28,OAK,2,0,0,0
1039,Rafael Montero,30,TOT,3,0,0,
1040,Rafael Montero,30,SEA,1,0,0,
1041,Rafael Montero,30,HOU,2,0,0,
1042,Jordan Montgomery,28,NYY,3,0,0,0
1043,Dylan Moore,28,SEA,126,60,12,0.181
1044,Matt Moore,32,PHI,22,0,0,0
1045,Colin Moran,28,PIT,99,82,10,0.258
1046,Adrián Morejón,22,SDP,1,0,0,0
1047,Mitch Moreland,35,OAK,81,52,10,0.227
1048,Dauri Moreta,25,CIN,3,0,0,
1049,Adam Morgan,31,CHC,32,0,0,
1050,Eli Morgan,25,CLE,1,0,0,0
1051,Shawn Morimando,28,MIA,4,0,0,0
1052,Max Moroff,28,STL,6,1,0,0.063
1053,Reyes Moronta,28,SFG,3,0,0,
1054,Charlie Morton,37,ATL,31,7,0,0.127
1055,Taylor Motter,31,TOT,16,5,0,0.192
1056,Taylor Motter,31,COL,13,3,0,0.15
1057,Taylor Motter,31,BOS,3,2,0,0.333
1058,Ryan Mountcastle,24,BAL,144,136,33,0.255
1059,Mike Moustakas,32,CIN,62,38,6,0.208
1060,Kyle Muller,23,ATL,9,1,0,0.091
1061,Cedric Mullins,26,BAL,159,175,30,0.291
1062,Max Muncy,30,LAD,144,124,36,0.249
1063,Yairo Munoz,26,BOS,5,1,0,0.091
1064,Patrick Murphy,26,TOT,17,0,0,0
1065,Patrick Murphy,26,WSN,17,0,0,0
1066,Sean Murphy,26,OAK,119,85,17,0.216
1067,Tom Murphy,30,SEA,97,56,11,0.202
1068,Joe Musgrove,28,SDP,36,7,0,0.137
1069,Wil Myers,30,SDP,146,113,17,0.256
1070,Tommy Nance,30,CHC,27,0,0,0
1071,Tyler Naquin,30,CIN,127,111,19,0.27
1072,Omar Narvaez,29,MIL,123,104,11,0.266
1073,Packy Naughton,25,LAA,2,0,0,0
1074,Josh Naylor,24,CLE,69,59,7,0.253
1075,Nick Neidert,24,MIA,8,0,0,0
1076,Jimmy Nelson,32,LAD,26,0,0,0
1077,Kyle Nelson,24,CLE,2,0,0,
1078,Hector Neris,32,PHI,70,0,0,0
1079,Sheldon Neuse,26,LAD,33,11,3,0.169
1080,Tyler Nevin,24,BAL,6,4,1,0.286
1081,Sean Newcomb,28,ATL,29,0,0,0
1082,Kevin Newman,27,PIT,148,117,5,0.226
1083,Tomás Nido,27,NYM,58,34,3,0.222
1084,Brandon Nimmo,28,NYM,92,95,8,0.292
1085,Stephen Nogosek,26,NYM,1,0,0,0
1086,John Nogowski,28,TOT,52,30,1,0.233
1087,John Nogowski,28,STL,19,1,0,0.056
1088,John Nogowski,28,PIT,33,29,1,0.261
1089,Aaron Nola,28,PHI,31,7,0,0.143
1090,Austin Nola,31,SDP,56,47,2,0.272
1091,Sean Nolin,31,WSN,10,0,0,0
1092,Lars Nootbaar,23,STL,58,26,5,0.239
1093,Daniel Norris,28,TOT,18,0,0,0
1094,Daniel Norris,28,DET,2,0,0,
1095,Daniel Norris,28,MIL,16,0,0,0
1096,Aaron Northcraft,31,SDP,4,0,0,
1097,James Norwood,27,SDP,5,0,0,
1098,Jacob Nottingham,26,TOT,15,6,3,0.15
1099,Jacob Nottingham,26,MIL,5,3,2,0.214
1100,Jacob Nottingham,26,SEA,10,3,1,0.115
1101,Darien Núñez,28,LAD,6,0,0,
1102,Dom Nunez,26,COL,81,43,10,0.189
1103,Renato Nunez,27,DET,14,10,4,0.189
1104,Brian O'Grady,29,SDP,32,8,2,0.157
1105,Ryan O'Hearn,27,KCR,84,53,9,0.225
1106,Tyler O'Neill,26,STL,138,138,34,0.286
1107,Bailey Ober,25,MIN,1,1,0,0.5
1108,Joseph Odom,29,TBR,2,0,0,0
1109,Rougned Odor,27,NYY,102,65,15,0.202
1110,Jake Odorizzi,31,HOU,1,0,0,0
1111,Shohei Ohtani,26,LAA,155,138,46,0.257
1112,Steven Okert,29,MIA,32,0,0,0
1113,Jared Oliva,25,PIT,20,7,0,0.175
1114,Edward Olivares,25,KCR,39,24,5,0.238
1115,Matt Olson,27,OAK,156,153,39,0.271
1116,Oliver Ortega,24,LAA,2,0,0,
1117,Rafael Ortega,30,CHC,103,86,11,0.291
1118,Josh Osich,32,CIN,14,0,0,
1119,Corey Oswalt,27,NYM,2,0,0,
1120,Adam Ottavino,35,BOS,6,0,0,
1121,Connor Overton,27,TOT,6,1,0,1
1122,Connor Overton,27,TOR,1,0,0,
1123,Connor Overton,27,PIT,5,1,0,1
1124,Johan Oviedo,23,STL,13,3,0,0.15
1125,Luis Oviedo,22,PIT,21,0,0,
1126,Hunter Owen,27,PIT,3,0,0,0
1127,Chris Owings,29,COL,21,14,1,0.326
1128,Marcell Ozuna,30,ATL,48,40,7,0.213
1129,Cristian Pache,22,ATL,22,7,1,0.111
1130,Chris Paddack,25,SDP,23,1,0,0.029
1131,Kevin Padlo,24,TOT,10,1,0,0.077
1132,Kevin Padlo,24,TBR,9,1,0,0.083
1133,Kevin Padlo,24,SEA,1,0,0,0
1134,Emilio Pagan,30,SDP,64,0,0,0
1135,Josh Palacios,25,TOR,13,7,0,0.2
1136,Joe Panik,30,TOT,95,49,3,0.208
1137,Joe Panik,30,TOR,42,28,2,0.246
1138,Joe Panik,30,MIA,53,21,1,0.172
1139,Isaac Paredes,22,DET,23,15,1,0.208
1140,Hoy Park,25,TOT,45,25,3,0.195
1141,Hoy Park,25,NYY,1,0,0,0
1142,Hoy Park,25,PIT,44,25,3,0.197
1143,Blake Parker,36,CLE,4,0,0,
1144,Gerardo Parra,34,WSN,53,23,2,0.237
1145,Spencer Patton,33,TEX,3,0,0,
1146,David Paulino,27,PHI,1,0,0,
1147,Joel Payamps,27,TOT,3,0,0,
1148,Joel Payamps,27,TOR,1,0,0,
1149,Joel Payamps,27,KCR,2,0,0,
1150,Tyler Payne,28,CHC,1,0,0,0
1151,Mark Payton,29,CIN,24,4,0,0.182
1152,Matt Peacock,27,ARI,33,4,0,0.25
1153,Joc Pederson,29,TOT,137,102,18,0.238
1154,Joc Pederson,29,CHC,73,59,11,0.23
1155,Joc Pederson,29,ATL,64,43,7,0.249
1156,David Peralta,33,ARI,150,126,8,0.259
1157,Freddy Peralta,25,MIL,28,4,0,0.093
1158,Wandy Peralta,29,TOT,15,0,0,
1159,Wandy Peralta,29,SFG,9,0,0,
1160,Wandy Peralta,29,NYY,6,0,0,
1161,Wily Peralta,32,DET,1,0,0,0
1162,Jose Peraza,27,NYM,64,29,6,0.204
1163,Angel Perdomo,27,MIL,19,0,0,
1164,Geraldo Perdomo,21,ARI,11,8,0,0.258
1165,Cionel Pérez,25,CIN,23,0,0,0
1166,Hernan Perez,30,WSN,10,1,0,0.053
1167,Martin Perez,30,BOS,2,0,0,0
1168,Michael Perez,28,PIT,70,30,7,0.143
1169,Oliver Perez,39,CLE,2,0,0,
1170,Roberto Perez,32,CLE,44,21,7,0.149
1171,Salvador Perez,31,KCR,161,169,48,0.273
1172,Dillon Peters,28,PIT,6,0,0,0
1173,DJ Peters,25,TOT,70,44,13,0.197
1174,DJ Peters,25,LAD,18,5,1,0.192
1175,DJ Peters,25,TEX,52,39,12,0.198
1176,David Peterson,25,NYM,14,1,0,0.063
1177,Jace Peterson,31,MIL,94,64,6,0.247
1178,Yusmeiro Petit,36,OAK,6,0,0,
1179,Jake Petricka,33,LAA,3,0,0,
1180,Tommy Pham,33,SDP,155,109,15,0.229
1181,Brett Phillips,27,TBR,118,52,13,0.206
1182,Evan Phillips,26,TOT,7,0,0,0
1183,Evan Phillips,26,LAD,7,0,0,0
1184,Kevin Pillar,32,NYM,124,75,15,0.231
1185,Manny Pina,34,MIL,75,34,13,0.189
1186,Chad Pinder,29,OAK,75,52,6,0.243
1187,Michael Pineda,32,MIN,2,0,0,0
1188,Stephen Piscotty,30,OAK,72,38,5,0.22
1189,Nick Pivetta,28,BOS,2,0,0,0
1190,Kevin Plawecki,30,BOS,64,45,3,0.287
1191,Adam Plutko,29,BAL,3,0,0,
1192,Gregory Polanco,29,PIT,107,70,11,0.208
1193,Jorge Polanco,27,MIN,152,158,33,0.269
1194,AJ Pollock,33,LAD,117,114,21,0.297
1195,Drew Pomeranz,32,SDP,25,0,0,
1196,Daniel Ponce de Leon,29,STL,22,0,0,0
1197,Cody Ponce,27,PIT,15,0,0,0
1198,Zach Pop,24,MIA,45,0,0,0
1199,Sean Poppen,27,TOT,20,0,0,0
1200,Sean Poppen,27,TOT,20,0,0,0
1201,Sean Poppen,27,PIT,3,0,0,0
1202,Sean Poppen,27,ARI,17,0,0,
1203,Buster Posey,34,SFG,113,120,18,0.304
1204,Cody Poteet,26,MIA,7,1,0,0.1
1205,Yohel Pozo,24,TEX,21,21,1,0.284
1206,Ryan Pressly,32,HOU,2,0,0,
1207,David Price,35,LAD,37,4,0,0.267
1208,Jurickson Profar,28,SDP,137,80,4,0.227
1209,Austin Pruitt,31,TOT,4,0,0,
1210,Austin Pruitt,31,MIA,4,0,0,
1211,Albert Pujols,41,TOT,109,65,17,0.236
1212,Albert Pujols,41,LAA,24,17,5,0.198
1213,Albert Pujols,41,LAD,85,48,12,0.254
1214,Kevin Quackenbush,32,LAD,1,0,0,
1215,Cal Quantrill,26,CLE,3,1,0,0.5
1216,Jose Quijada,25,LAA,8,0,0,
1217,Roman Quinn,28,PHI,28,9,0,0.173
1218,Jose Quintana,32,TOT,7,1,0,1
1219,Jose Quintana,32,LAA,2,0,0,
1220,Jose Quintana,32,SFG,5,1,0,1
1221,Tanner Rainey,28,WSN,34,0,0,
1222,Cal Raleigh,24,SEA,47,25,2,0.18
1223,Brooks Raley,33,HOU,4,0,0,
1224,Luke Raley,26,LAD,33,12,2,0.182
1225,Erasmo Ramirez,31,DET,1,0,0,
1226,Harold Ramirez,26,CLE,99,91,7,0.268
1227,Jose Ramirez,28,CLE,152,147,36,0.266
1228,Nick Ramirez,31,SDP,12,0,0,0
1229,Noe Ramirez,31,TOT,31,0,0,
1230,Noe Ramirez,31,LAA,1,0,0,
1231,Noe Ramirez,31,ARI,30,0,0,
1232,Roel Ramirez,26,STL,1,0,0,
1233,Yefry Ramirez,27,LAD,1,0,0,0
1234,Yohan Ramirez,26,SEA,4,0,0,
1235,AJ Ramos,34,LAA,1,0,0,
1236,Henry Ramos,29,ARI,18,10,1,0.2
1237,Wilson Ramos,33,TOT,44,31,8,0.205
1238,Wilson Ramos,33,DET,35,24,6,0.2
1239,Wilson Ramos,33,CLE,9,7,2,0.226
1240,Drew Rasmussen,25,TOT,18,1,0,0.25
1241,Drew Rasmussen,25,MIL,15,0,0,0
1242,Drew Rasmussen,25,TBR,3,1,0,0.333
1243,Corey Ray,26,MIL,1,0,0,0
1244,Robbie Ray,29,TOR,2,0,0,0
1245,Colin Rea,30,MIL,1,0,0,0
1246,J.T. Realmuto,30,PHI,134,125,17,0.263
1247,Josh Reddick,34,ARI,54,39,2,0.258
1248,Jake Reed,28,TOT,10,0,0,0
1249,Jake Reed,28,LAD,6,0,0,
1250,Jake Reed,28,NYM,4,0,0,0
1251,Jakson Reetz,25,WSN,2,1,0,0.5
1252,Rob Refsnyder,30,MIN,51,34,2,0.245
1253,Sean Reid-Foley,25,NYM,11,0,0,
1254,Zach Reks,27,LAD,6,0,0,0
1255,Anthony Rendon,31,LAA,58,52,6,0.24
1256,Hunter Renfroe,29,BOS,144,135,31,0.259
1257,Luis Rengifo,24,LAA,54,35,6,0.201
1258,Alex Reyes,26,STL,67,0,0,0
1259,Franmil Reyes,25,CLE,115,106,30,0.254
1260,Pablo Reyes,27,MIL,53,20,1,0.256
1261,Victor Reyes,26,DET,76,54,5,0.258
1262,Bryan Reynolds,26,PIT,159,169,24,0.302
1263,Garrett Richards,33,BOS,4,1,0,0.2
1264,Trevor Richards,28,TOT,2,0,0,
1265,Trevor Richards,28,TOT,17,0,0,
1266,Trevor Richards,28,MIL,15,0,0,
1267,Trevor Richards,28,TOR,2,0,0,
1268,JT Riddle,29,MIN,4,2,0,0.333
1269,Austin Riley,24,ATL,160,179,33,0.303
1270,Edwin Rios,27,LAD,25,4,1,0.078
1271,Yacksel Rios,28,TOT,1,0,0,
1272,Yacksel Rios,28,BOS,1,0,0,
1273,Alfonso Rivas,24,CHC,18,14,1,0.318
1274,Webster Rivas,30,SDP,24,15,2,0.221
1275,Emmanuel Rivera,25,KCR,29,23,1,0.256
1276,Rene Rivera,37,TOT,25,16,2,0.232
1277,Rene Rivera,37,CLE,21,13,2,0.236
1278,Rene Rivera,37,WSN,4,3,0,0.214
1279,Sebastian Rivero,22,KCR,17,7,0,0.175
1280,Anthony Rizzo,31,TOT,141,123,22,0.248
1281,Anthony Rizzo,31,CHC,92,80,14,0.248
1282,Anthony Rizzo,31,NYY,49,43,8,0.249
1283,Luis Robert,23,CHW,68,93,13,0.338
1284,Daniel Robertson,27,MIL,50,12,2,0.164
1285,Hansel Robles,30,TOT,4,0,0,
1286,Hansel Robles,30,MIN,2,0,0,
1287,Hansel Robles,30,BOS,2,0,0,
1288,Victor Robles,24,WSN,107,64,2,0.203
1289,Jacob Robson,26,DET,4,0,0,0
1290,Brendan Rodgers,24,COL,102,110,15,0.284
1291,Carlos Rodon,28,CHW,2,0,0,0
1292,Chris Rodriguez,22,LAA,1,0,0,
1293,Eduardo Rodriguez,28,BOS,4,0,0,0
1294,Jefry Rodriguez,27,WSN,14,0,0,0
1295,Joely Rodriguez,29,TOT,6,0,0,
1296,Joely Rodriguez,29,TEX,3,0,0,
1297,Joely Rodriguez,29,NYY,3,0,0,
1298,Manuel Rodríguez,24,CHC,17,0,0,0
1299,Richard Rodriguez,31,TOT,60,0,0,
1300,Richard Rodriguez,31,PIT,34,0,0,
1301,Richard Rodriguez,31,ATL,26,0,0,
1302,Chaz Roe,34,TBR,1,0,0,
1303,Jake Rogers,26,DET,38,27,6,0.239
1304,Josh Rogers,26,WSN,6,0,0,0
1305,Taylor Rogers,30,MIN,2,0,0,
1306,Trevor Rogers,23,MIA,25,3,0,0.07
1307,Tyler Rogers,30,SFG,74,0,0,
1308,Jose Rojas,28,LAA,61,35,6,0.208
1309,Josh Rojas,27,ARI,139,128,11,0.264
1310,Miguel Rojas,32,MIA,132,131,9,0.265
1311,Jordan Romano,28,TOR,4,0,0,
1312,Sal Romano,27,TOT,14,0,0,0
1313,Sal Romano,27,TOT,14,0,0,0
1314,Sal Romano,27,CIN,13,0,0,0
1315,Sal Romano,27,MIL,1,0,0,
1316,Jhon Romero,26,WSN,5,0,0,
1317,JoJo Romero,24,PHI,11,0,0,
1318,Andrew Romine,35,CHC,26,11,1,0.183
1319,Austin Romine,32,CHC,28,13,1,0.217
1320,Sergio Romo,38,OAK,4,0,0,
1321,Angel Rondon,23,STL,2,0,0,
1322,Jose Rondon,27,STL,63,21,3,0.263
1323,Brent Rooker,26,MIN,58,38,9,0.201
1324,Ben Rortvedt,23,MIN,39,15,3,0.169
1325,Amed Rosario,25,CLE,141,155,11,0.282
1326,Eddie Rosario,29,TOT,111,98,14,0.259
1327,Eddie Rosario,29,CLE,78,72,7,0.254
1328,Eddie Rosario,29,ATL,33,26,7,0.271
1329,Joe Ross,28,WSN,21,8,0,0.25
1330,Zac Rosscup,33,COL,2,0,0,
1331,Ramon Rosso,25,PHI,7,0,0,
1332,Michael Rucker,27,CHC,19,0,0,0
1333,Darin Ruf,34,SFG,117,71,16,0.271
1334,Jose Ruiz,26,CHW,4,0,0,0
1335,Keibert Ruiz,22,TOT,29,24,3,0.273
1336,Keibert Ruiz,22,LAD,6,1,1,0.143
1337,Keibert Ruiz,22,WSN,23,23,2,0.284
1338,Rio Ruiz,27,TOT,62,21,3,0.168
1339,Rio Ruiz,27,BAL,32,15,3,0.167
1340,Rio Ruiz,27,COL,30,6,0,0.171
1341,Joe Ryan,25,MIN,1,0,0,0
1342,Kyle Ryan,29,CHC,13,0,0,0
1343,Hyun Jin Ryu,34,TOR,2,0,0,0
1344,Casey Sadler,30,SEA,1,0,0,
1345,Chris Sale,32,BOS,1,0,0,0
1346,Adrian Sampson,29,CHC,10,0,0,0
1347,Aaron Sanchez,28,SFG,9,0,0,0
1348,Adrian Sanchez,30,WSN,16,9,0,0.257
1349,Ali Sanchez,24,STL,2,2,0,0.5
1350,Cristopher Sanchez,24,PHI,5,0,0,
1351,Gary Sanchez,28,NYY,117,78,23,0.204
1352,Jesus Sanchez,23,MIA,64,57,14,0.251
1353,Miguel Sanchez,27,MIL,28,0,0,0
1354,Nick Sandlin,24,CLE,3,0,0,
1355,Pablo Sandoval,34,ATL,69,13,4,0.178
1356,Patrick Sandoval,24,LAA,2,1,0,0.25
1357,Reiver Sanmartin,25,CIN,2,0,0,0
1358,Miguel Sano,28,MIN,135,105,30,0.223
1359,Carlos Santana,35,KCR,158,121,19,0.214
1360,Danny Santana,30,BOS,38,21,5,0.181
1361,Dennis Santana,25,TOT,15,0,0,0
1362,Dennis Santana,25,LAD,14,0,0,0
1363,Dennis Santana,25,TEX,1,0,0,
1364,Edgar Santana,29,ATL,38,0,0,0
1365,Ervin Santana,38,KCR,3,0,0,
1366,Anthony Santander,26,BAL,110,98,18,0.241
1367,Tony Santillan,24,CIN,26,1,0,0.143
1368,Antonio Santos,24,COL,6,0,0,
1369,Gregory Santos,21,SFG,3,0,0,
1370,Tayler Saucedo,28,TOR,3,0,0,
1371,Hirokazu Sawamura,33,BOS,4,0,0,
1372,Josh Sborz,27,TEX,5,0,0,0
1373,Scott Schebler,30,LAA,14,5,0,0.147
1374,Max Scherzer,36,TOT,28,0,0,0
1375,Max Scherzer,36,WSN,17,0,0,0
1376,Max Scherzer,36,LAD,11,0,0,0
1377,Clarke Schmidt,25,NYY,1,0,0,0
1378,Jonathan Schoop,29,DET,156,173,22,0.278
1379,Max Schrock,26,CIN,53,36,3,0.288
1380,Kyle Schwarber,28,TOT,113,106,32,0.266
1381,Kyle Schwarber,28,WSN,72,67,25,0.253
1382,Kyle Schwarber,28,BOS,41,39,7,0.291
1383,Frank Schwindel,29,TOT,64,79,14,0.326
1384,Frank Schwindel,29,OAK,8,3,1,0.15
1385,Frank Schwindel,29,CHC,56,76,13,0.342
1386,Tanner Scott,26,BAL,3,0,0,
1387,Corey Seager,27,LAD,95,108,16,0.306
1388,Kyle Seager,33,SEA,159,128,35,0.212
1389,Jean Segura,31,PHI,131,149,14,0.29
1390,Sam Selman,30,TOT,12,0,0,0
1391,Sam Selman,30,SFG,7,0,0,0
1392,Sam Selman,30,LAA,5,0,0,
1393,Marcus Semien,30,TOR,162,173,45,0.265
1394,Antonio Senzatela,26,COL,27,2,0,0.051
1395,Nick Senzel,26,CIN,36,28,1,0.252
1396,Pedro Severino,27,BAL,113,94,11,0.248
1397,Paul Sewald,31,SEA,6,0,0,
1398,Bryan Shaw,33,CLE,4,0,0,
1399,Travis Shaw,31,TOT,84,44,9,0.2
1400,Travis Shaw,31,MIL,56,34,6,0.191
1401,Travis Shaw,31,BOS,28,10,3,0.238
1402,Gavin Sheets,25,CHW,54,40,11,0.25
1403,Jordan Sheffield,26,COL,30,0,0,
1404,Justus Sheffield,25,SEA,2,1,0,0.5
1405,James Sherfy,29,TOT,13,0,0,0
1406,James Sherfy,29,SFG,9,0,0,
1407,James Sherfy,29,LAD,4,0,0,0
1408,Ryan Sherriff,31,TBR,2,0,0,
1409,Zack Short,26,DET,61,22,6,0.141
1410,Chasen Shreve,30,PIT,55,0,0,
1411,Magneuris Sierra,25,MIA,123,48,0,0.23
1412,Andrelton Simmons,31,MIN,131,92,3,0.223
1413,Lucas Sims,27,CIN,44,0,0,0
1414,Jose Siri,25,HOU,21,14,4,0.304
1415,Chance Sisco,26,TOT,28,11,0,0.149
1416,Chance Sisco,26,BAL,23,10,0,0.154
1417,Chance Sisco,26,NYM,5,1,0,0.111
1418,Brandyn Sittinger,27,ARI,3,0,0,
1419,Tarik Skubal,24,DET,2,0,0,0
1420,Austin Slater,28,SFG,129,66,12,0.241
1421,Aaron Slegers,28,LAA,5,0,0,
1422,Burch Smith,31,OAK,3,0,0,
1423,Caleb Smith,29,ARI,45,2,0,0.091
1424,Dominic Smith,26,NYM,145,109,11,0.244
1425,Drew Smith,27,NYM,28,0,0,0
1426,Joe Smith,37,TOT,1,0,0,
1427,Joe Smith,37,HOU,1,0,0,
1428,Kevan Smith,33,TOT,33,16,0,0.168
1429,Kevan Smith,33,TBR,3,1,0,0.25
1430,Kevan Smith,33,ATL,30,15,0,0.165
1431,Kevin Smith,24,TOR,18,3,1,0.094
1432,Pavin Smith,25,ARI,145,133,11,0.267
1433,Riley Smith,26,ARI,24,0,0,0
1434,Will Smith,31,ATL,66,0,0,
1435,Will Smith,26,LAD,130,107,25,0.258
1436,Drew Smyly,32,ATL,29,3,0,0.073
1437,Kirby Snead,26,TOR,1,0,0,
1438,Blake Snell,28,SDP,25,4,0,0.118
1439,Eric Sogard,35,CHC,78,42,1,0.249
1440,Nick Solak,26,TEX,127,111,11,0.242
1441,Donovan Solano,33,SFG,101,86,7,0.28
1442,Jorge Soler,29,TOT,149,115,27,0.223
1443,Jorge Soler,29,KCR,94,59,13,0.192
1444,Jorge Soler,29,ATL,55,56,14,0.269
1445,Peter Solomon,24,HOU,1,0,0,
1446,Joakim Soria,37,TOT,29,0,0,
1447,Joakim Soria,37,ARI,29,0,0,
1448,Edmundo Sosa,25,STL,113,78,6,0.271
1449,Gregory Soto,26,DET,6,0,0,
1450,Juan Soto,22,WSN,151,157,29,0.313
1451,Steven Souza Jr.,32,LAD,17,5,1,0.152
1452,Shea Spitzbarth,26,PIT,5,0,0,
1453,George Springer,31,TOR,78,79,22,0.264
1454,Jeffrey Springs,28,TBR,4,0,0,
1455,Jacob Stallings,31,PIT,112,92,8,0.246
1456,Craig Stammen,37,SDP,64,1,0,0.2
1457,Ryne Stanek,29,HOU,6,0,0,
1458,Giancarlo Stanton,31,NYY,139,139,35,0.273
1459,Cody Stashak,27,MIN,2,0,0,
1460,Max Stassi,30,LAA,87,68,13,0.241
1461,Josh Staumont,27,KCR,4,0,0,
1462,Drew Steckenrider,30,SEA,4,0,0,
1463,Justin Steele,25,CHC,17,2,0,0.154
1464,Trevor Stephan,25,CLE,4,0,0,
1465,Robert Stephenson,28,COL,46,0,0,
1466,Tyler Stephenson,24,CIN,132,100,10,0.286
1467,Andrew Stevenson,27,WSN,109,44,5,0.229
1468,DJ Stewart,27,BAL,100,55,12,0.204
1469,Kohl Stewart,26,CHC,4,1,0,0.333
1470,Robert Stock,31,TOT,3,0,0,0
1471,Robert Stock,31,CHC,1,0,0,0
1472,Robert Stock,31,NYM,2,0,0,0
1473,Troy Stokes Jr.,25,PIT,8,2,0,0.111
1474,Trevor Story,28,COL,142,132,24,0.251
1475,Matt Strahm,29,SDP,5,0,0,
1476,Stephen Strasburg,32,WSN,5,1,0,0.2
1477,Chris Stratton,30,PIT,65,0,0,0
1478,Myles Straw,26,TOT,158,153,4,0.271
1479,Myles Straw,26,HOU,98,85,2,0.262
1480,Myles Straw,26,CLE,60,68,2,0.285
1481,Hunter Strickland,32,TOT,2,0,0,
1482,Hunter Strickland,32,TOT,33,0,0,0
1483,Hunter Strickland,32,LAA,2,0,0,
1484,Hunter Strickland,32,MIL,31,0,0,0
1485,Spencer Strider,22,ATL,2,0,0,0
1486,Ross Stripling,31,TOR,3,0,0,0
1487,Marcus Stroman,30,NYM,30,5,0,0.098
1488,Pedro Strop,36,CHC,2,0,0,
1489,Garrett Stubbs,28,HOU,18,6,0,0.176
1490,Eugenio Suarez,29,CIN,145,100,31,0.198
1491,Jose Suarez,23,LAA,1,0,0,0
1492,Ranger Suarez,25,PHI,35,3,0,0.188
1493,Wander Suero,29,WSN,43,0,0,0
1494,Cole Sulser,31,BAL,4,0,0,
1495,Brent Suter,31,MIL,60,0,0,0
1496,Kurt Suzuki,37,LAA,72,49,6,0.224
1497,Dansby Swanson,27,ATL,160,146,27,0.248
1498,Erik Swanson,27,SEA,4,0,0,
1499,Anthony Swarzak,35,TOT,7,0,0,
1500,Anthony Swarzak,35,ARI,6,0,0,
1501,Anthony Swarzak,35,KCR,1,0,0,
1502,Noah Syndergaard,28,NYM,2,0,0,
1503,Thomas Szapucki,25,NYM,1,0,0,0
1504,Jameson Taillon,29,NYY,2,0,0,0
1505,Domingo Tapia,29,TOT,3,0,0,
1506,Domingo Tapia,29,KCR,3,0,0,
1507,Raimel Tapia,27,COL,133,133,6,0.273
1508,Stephen Tarpley,28,NYM,1,0,0,
1509,Dillon Tate,27,BAL,3,0,0,
1510,Fernando Tatis Jr.,22,SDP,130,135,42,0.282
1511,Mike Tauchman,30,TOT,75,30,4,0.181
1512,Mike Tauchman,30,NYY,11,3,0,0.214
1513,Mike Tauchman,30,SFG,64,27,4,0.178
1514,Leody Taveras,22,TEX,49,28,3,0.161
1515,Blake Taylor,25,HOU,5,0,0,
1516,Chris Taylor,30,LAD,148,129,20,0.254
1517,Josh Taylor,28,BOS,3,0,0,
1518,Michael A. Taylor,30,KCR,142,118,12,0.244
1519,Tyrone Taylor,27,MIL,93,60,12,0.247
1520,Anderson Tejeda,23,TEX,5,1,0,0.063
1521,Rowdy Tellez,26,TOT,106,72,11,0.242
1522,Rowdy Tellez,26,TOR,50,29,4,0.209
1523,Rowdy Tellez,26,MIL,56,43,7,0.272
1524,Ryan Tepera,33,TOT,43,0,0,
1525,Ryan Tepera,33,CHC,40,0,0,
1526,Ryan Tepera,33,CHW,3,0,0,
1527,Curtis Terry,24,TEX,13,4,0,0.089
1528,Matt Thaiss,26,LAA,3,1,0,0.143
1529,Caleb Thielbar,34,MIN,4,0,0,
1530,Dillon Thomas,28,SEA,4,1,0,0.111
1531,Lane Thomas,25,TOT,77,53,7,0.235
1532,Lane Thomas,25,STL,32,5,0,0.104
1533,Lane Thomas,25,WSN,45,48,7,0.27
1534,Keegan Thompson,26,CHC,29,1,0,0.167
1535,Mason Thompson,23,TOT,31,0,0,
1536,Mason Thompson,23,SDP,4,0,0,
1537,Mason Thompson,23,WSN,27,0,0,
1538,Ryan Thompson,29,TBR,2,0,0,
1539,Trayce Thompson,30,CHC,15,7,4,0.25
1540,Zach Thompson,27,MIA,25,2,0,0.133
1541,Trent Thornton,27,TOR,4,0,0,
1542,Ty Tice,24,TOT,1,0,0,
1543,Ty Tice,24,ATL,1,0,0,
1544,Ka'ai Tom,27,TOT,48,15,2,0.139
1545,Ka'ai Tom,27,OAK,9,1,0,0.063
1546,Ka'ai Tom,27,PIT,39,14,2,0.152
1547,Josh Tomlin,36,ATL,35,1,0,0.333
1548,Justin Topa,30,MIL,4,0,0,0
1549,Abraham Toro,24,TOT,95,80,11,0.239
1550,Abraham Toro,24,HOU,35,23,6,0.211
1551,Abraham Toro,24,SEA,60,57,5,0.252
1552,Luis Torrens,25,SEA,108,84,15,0.243
1553,Gleyber Torres,24,NYY,127,119,9,0.259
1554,Ronald Torreyes,28,PHI,111,77,7,0.242
1555,Touki Toussaint,25,ATL,10,0,0,0
1556,Wilfredo Tovar,29,NYM,6,2,0,0.182
1557,Taylor Trammell,23,SEA,51,25,8,0.16
1558,Blake Treinen,33,LAD,70,0,0,
1559,Alan Trejo,25,COL,28,10,1,0.217
1560,Jose Trevino,28,TEX,89,68,5,0.239
1561,Lou Trivino,29,OAK,5,0,0,
1562,Chadwick Tromp,26,SFG,9,4,1,0.222
1563,Nick Tropeano,30,TOT,5,0,0,0
1564,Nick Tropeano,30,SFG,4,0,0,
1565,Nick Tropeano,30,NYM,1,0,0,0
1566,Mike Trout,29,LAA,36,39,8,0.333
1567,Yoshi Tsutsugo,29,TOT,55,37,8,0.243
1568,Yoshi Tsutsugo,29,TOT,81,50,8,0.217
1569,Yoshi Tsutsugo,29,TBR,26,13,0,0.167
1570,Yoshi Tsutsugo,29,LAD,12,3,0,0.12
1571,Yoshi Tsutsugo,29,PIT,43,34,8,0.268
1572,Cole Tucker,24,PIT,43,26,2,0.222
1573,Kyle Tucker,24,HOU,140,149,30,0.294
1574,Justin Turner,36,LAD,151,148,27,0.278
1575,Trea Turner,28,TOT,148,195,28,0.328
1576,Trea Turner,28,WSN,96,125,18,0.322
1577,Trea Turner,28,LAD,52,70,10,0.338
1578,Kyle Tyler,24,LAA,1,0,0,
1579,Edwin Uceta,23,LAD,14,1,0,0.2
1580,Duane Underwood Jr.,26,PIT,39,0,0,0
1581,Justin Upton,33,LAA,89,67,17,0.211
1582,Jose Urena,29,DET,2,0,0,0
1583,Julio Urias,24,LAD,30,12,0,0.203
1584,Luis Urias,24,MIL,150,122,23,0.249
1585,Ramon Urias,27,BAL,85,73,7,0.279
1586,Jose Urquidy,26,HOU,2,1,0,0.25
1587,Gio Urshela,29,NYY,116,112,14,0.267
1588,Pat Valaika,28,BAL,90,52,5,0.201
1589,Cesar Valdez,36,BAL,4,0,0,
1590,Framber Valdez,27,HOU,2,0,0,0
1591,Phillips Valdez,29,BOS,2,0,0,
1592,Breyvic Valera,29,TOR,39,22,1,0.253
1593,Josh VanMeter,26,ARI,112,58,6,0.212
1594,Ildemaro Vargas,29,TOT,34,12,0,0.156
1595,Ildemaro Vargas,29,CHC,9,3,0,0.143
1596,Ildemaro Vargas,29,PIT,7,1,0,0.077
1597,Ildemaro Vargas,29,ARI,18,8,0,0.186
1598,Daulton Varsho,24,ARI,95,70,11,0.246
1599,Andrew Vasquez,27,LAD,2,0,0,
1600,Andrew Vaughn,23,CHW,127,98,15,0.235
1601,Christian Vazquez,30,BOS,138,118,6,0.258
1602,Vince Velasquez,29,TOT,24,2,0,0.087
1603,Vince Velasquez,29,PHI,20,2,0,0.091
1604,Vince Velasquez,29,SDP,4,0,0,0
1605,Andrew Velazquez,26,NYY,28,15,1,0.224
1606,Alex Verdugo,25,BOS,146,157,13,0.289
1607,Alex Vesia,25,LAD,41,0,0,0
1608,Will Vest,26,SEA,1,0,0,
1609,Matt Vierling,24,PHI,34,23,2,0.324
1610,Ryan Vilade,22,COL,3,0,0,0
1611,Jonathan Villar,30,NYM,142,113,18,0.249
1612,Daniel Vogelbach,28,MIL,93,47,9,0.219
1613,Stephen Vogt,36,TOT,78,41,7,0.195
1614,Stephen Vogt,36,ARI,52,28,5,0.212
1615,Stephen Vogt,36,ATL,26,13,2,0.167
1616,Luke Voit,30,NYY,68,51,11,0.239
1617,Jason Vosler,27,SFG,41,13,3,0.178
1618,Austin Voth,29,WSN,47,1,0,0.5
1619,Joey Votto,37,CIN,129,119,36,0.266
1620,Michael Wacha,29,TBR,3,0,0,0
1621,Brandon Waddell,27,TOT,4,0,0,0
1622,Brandon Waddell,27,STL,4,0,0,0
1623,LaMonte Wade Jr.,27,SFG,109,85,18,0.253
1624,Tyler Wade,26,NYY,103,34,0,0.268
1625,Adam Wainwright,39,STL,33,7,0,0.123
1626,Christian Walker,30,ARI,115,98,10,0.244
1627,Taijuan Walker,28,NYM,28,5,0,0.106
1628,Chad Wallach,29,MIA,23,12,0,0.2
1629,Taylor Walls,24,TBR,54,32,1,0.211
1630,Jared Walsh,27,LAA,144,147,29,0.277
1631,Donovan Walton,27,SEA,24,13,2,0.206
1632,Andrew Wantz,25,LAA,2,0,0,
1633,Taylor Ward,27,LAA,65,52,8,0.25
1634,Art Warren,28,CIN,23,0,0,
1635,Austin Warren,25,LAA,4,0,0,
1636,Tony Watson,36,TOT,35,0,0,0
1637,Tony Watson,36,LAA,9,0,0,0
1638,Tony Watson,36,SFG,26,0,0,
1639,Ryan Weathers,21,SDP,30,4,1,0.148
1640,Luke Weaver,27,ARI,13,2,0,0.105
1641,Jacob Webb,27,ATL,32,0,0,0
1642,Logan Webb,24,SFG,26,6,1,0.13
1643,Tyler Webb,30,STL,21,0,0,0
1644,Ryan Weber,30,TOT,1,0,0,
1645,Ryan Weber,30,MIL,1,0,0,
1646,Jordan Weems,28,TOT,3,0,0,
1647,Jordan Weems,28,OAK,1,0,0,
1648,Jordan Weems,28,ARI,2,0,0,
1649,Patrick Weigel,26,MIL,3,0,0,
1650,Colton Welker,23,COL,19,7,0,0.189
1651,Tyler Wells,26,BAL,5,0,0,
1652,J.B. Wendelken,28,TOT,18,0,0,
1653,J.B. Wendelken,28,OAK,2,0,0,
1654,J.B. Wendelken,28,ARI,16,0,0,
1655,Joey Wendle,31,TBR,136,122,11,0.265
1656,Zack Wheeler,31,PHI,32,11,0,0.162
1657,Eli White,27,TEX,64,35,6,0.177
1658,Evan White,25,SEA,30,14,2,0.144
1659,Mitch White,26,LAD,20,0,0,0
1660,Kodi Whitley,26,STL,24,0,0,
1661,Garrett Whitlock,25,BOS,4,1,0,0.5
1662,Rowan Wick,28,CHC,20,0,0,
1663,Taylor Widener,26,ARI,20,1,0,0.063
1664,Brad Wieck,29,CHC,14,0,0,
1665,Stevie Wilkerson,29,BAL,30,12,0,0.167
1666,Devin Williams,26,MIL,55,0,0,
1667,Justin Williams,25,STL,51,19,4,0.16
1668,Luke Williams,24,PHI,58,24,1,0.245
1669,Mason Williams,29,NYM,17,7,1,0.212
1670,Nick Williams,27,CHW,4,0,0,0
1671,Taylor Williams,29,TOT,10,0,0,
1672,Taylor Williams,29,SDP,4,0,0,
1673,Taylor Williams,29,MIA,6,0,0,
1674,Trevor Williams,29,TOT,21,5,0,0.2
1675,Trevor Williams,29,CHC,12,4,0,0.222
1676,Trevor Williams,29,NYM,9,1,0,0.143
1677,Bryse Wilson,23,TOT,15,1,0,0.048
1678,Bryse Wilson,23,ATL,8,1,0,0.083
1679,Bryse Wilson,23,PIT,7,0,0,0
1680,Cody Wilson,24,WSN,1,0,0,0
1681,Jacob Wilson,30,TOT,12,3,0,0.15
1682,Jacob Wilson,30,OAK,6,1,0,0.143
1683,Jacob Wilson,30,HOU,6,2,0,0.154
1684,Justin Wilson,33,TOT,20,0,0,
1685,Justin Wilson,33,CIN,20,0,0,
1686,Jesse Winker,27,CIN,110,129,24,0.305
1687,Dan Winkler,31,CHC,45,0,0,0
1688,Patrick Wisdom,29,CHC,106,78,28,0.231
1689,Matt Wisler,28,TOT,19,0,0,0
1690,Matt Wisler,28,SFG,18,0,0,0
1691,Matt Wisler,28,TBR,1,0,0,
1692,Nick Wittgren,30,CLE,3,0,0,
1693,Tony Wolters,29,CHC,14,3,0,0.125
1694,Connor Wong,25,BOS,6,4,0,0.308
1695,Kean Wong,26,LAA,32,10,0,0.167
1696,Kolten Wong,30,MIL,116,121,14,0.272
1697,Alex Wood,30,SFG,24,0,0,0
1698,Jake Woodford,24,STL,24,2,0,0.111
1699,Brandon Woodruff,28,MIL,28,6,0,0.115
1700,Brandon Workman,32,TOT,11,0,0,
1701,Brandon Workman,32,CHC,10,0,0,
1702,Brandon Workman,32,BOS,1,0,0,
1703,Kyle Wright,25,ATL,2,1,0,0.333
1704,Austin Wynns,30,BAL,45,24,4,0.185
1705,Miguel Yajure,23,PIT,3,0,0,0
1706,Jordan Yamamoto,25,NYM,2,1,0,0.5
1707,Hyeon-jong Yang,33,TEX,1,0,0,
1708,Ryan Yarbrough,29,TBR,2,0,0,0
1709,Eric Yardley,30,MIL,17,0,0,
1710,Mike Yastrzemski,30,SFG,139,105,25,0.224
1711,Christian Yelich,29,MIL,117,99,9,0.248
1712,Huascar Ynoa,23,ATL,18,7,2,0.219
1713,Alex Young,27,TOT,29,0,0,0
1714,Alex Young,27,ARI,29,0,0,0
1715,Andrew Young,27,ARI,58,19,6,0.209
1716,Seby Zavala,27,CHW,37,17,5,0.183
1717,Bradley Zimmer,28,CLE,99,68,8,0.227
1718,Kyle Zimmer,29,KCR,3,0,0,
1719,Ryan Zimmerman,36,WSN,110,62,14,0.243
1720,Bruce Zimmermann,26,BAL,2,0,0,0
1721,Jordan Zimmermann,35,MIL,2,0,0,0
1722,Tyler Zuber,26,KCR,1,0,0,0
1723,Mike Zunino,30,TBR,109,72,33,0.216
1724,LgAvg per 600 PA,,,205,130,20,0.243
